Workbook

Sheet Panel Data
A1: code | B1: country_num | C1: country code | D1: year | E1: Trade | F1: InTradeijt | G1: GDPi | H1: InGDPit | I1: GDPjt | J1: InGDPjt | K1: PGDPi | L1: InPGDPi | M1: PGDPj | N1: InPGDPj | O1: DIS | P1: InDIS | Q1: POPi | R1: InPOPi | S1: POPj | T1: InPOPj | U1: BORij | V1: FTAij | W1: TARIjt | X1: NTBjt | Y1: PCT | Z1: PCTjt | AA1: FTUjt | AB1: POLjt | AC1: EFjt
A2: 1 | B2: Japan | C2: =VLOOKUP(B2,'GDP Data1'!A:B,2,FALSE) -> JPN | D2: 2013 | E2: 1578105841 | F2: 21.179491 | G2: 9570470577245 | H2: 29.889703 | I2: 5.2123282e+12 | J2: 29.282048 | K2: 7020.3857 | L2: 8.8565734 | M2: 40898.648 | N2: 10.618852 | O2: 204811.25 | P2: 12.229844 | Q2: 1363240000 | R2: 21.03313 | S2: 127445000 | T2: 18.663195 | U2: 0 | V2: 0 | W2: 9.02 | X2: 6.9520557 | Y2: 21442040 | Z2: =Y2/1000000 -> 21.44204 | AA2: 50.140823 | AB2: 1.0191419 | AC2: 7.8651808
A3: 1 | B3: Japan | C3: =VLOOKUP(B3,'GDP Data1'!A:B,2,FALSE) -> JPN | D3: 2014 | E3: 1603313761 | F3: 21.195338 | G3: 10475624783236 | H3: 29.980072 | I3: 4.8969944e+12 | J3: 29.219643 | K3: 7636.0742 | L3: 8.9406389 | M3: 38475.395 | N3: 10.557774 | O3: 194756.36 | P3: 12.179505 | Q3: 1371860000 | R3: 21.039433 | S3: 127276000 | T3: 18.661869 | U3: 0 | V3: 0 | W3: 9.16 | X3: 6.9767983 | Y3: 21662814 | Z3: =Y3/1000000 -> 21.662814 | AA3: 49.858018 | AB3: 0.96859735 | AC3: 7.871887
A4: 1 | B4: Japan | C4: =VLOOKUP(B4,'GDP Data1'!A:B,2,FALSE) -> JPN | D4: 2015 | E4: 1882567071 | F4: 21.355902 | G4: 11061573199440 | H4: 30.034498 | I4: 4.4449307e+12 | J4: 29.122785 | K4: 8016.446 | L4: 8.9892505 | M4: 34960.639 | N4: 10.461978 | O4: 102099.71 | P4: 11.533705 | Q4: 1379860000 | R4: 21.045248 | S4: 127141000 | T4: 18.660807 | U4: 0 | V4: 0 | W4: 9.2 | X4: 7.2771305 | Y4: 21094824 | Z4: =Y4/1000000 -> 21.094824 | AA4: 50.062956 | AB4: 1.0542206 | AC4: 7.8585652
A5: 1 | B5: Japan | C5: =VLOOKUP(B5,'GDP Data1'!A:B,2,FALSE) -> JPN | D5: 2016 | E5: 1563575405 | F5: 21.170241 | G5: 11233314018690 | H5: 30.049905 | I5: 5.0036776e+12 | J5: 29.241194 | K5: 8094.3904 | L5: 8.9989266 | M5: 39375.473 | N5: 10.580898 | O5: 89697.64 | P5: 11.4042 | Q5: 1387790000 | R5: 21.050978 | S5: 127076000 | T5: 18.660296 | U5: 0 | V5: 0 | W5: 9.2 | X5: 7.5288242 | Y5: 21678076 | Z5: =Y5/1000000 -> 21.678076 | AA5: 50.498811 | AB5: 0.968189 | AC5: 7.8451529
A6: 1 | B6: Japan | C6: =VLOOKUP(B6,'GDP Data1'!A:B,2,FALSE) -> JPN | D6: 2017 | E6: 1875336826 | F6: 21.352054 | G6: 12310491176727 | H6: 30.141473 | I6: 4.9308374e+12 | J6: 29.22653 | K6: 8817.0455 | L6: 9.0844421 | M6: 38834.053 | N6: 10.567053 | O6: 106187.05 | P6: 11.572957 | Q6: 1396215000 | R6: 21.057031 | S6: 126972000 | T6: 18.659477 | U6: 0 | V6: 0 | W6: 9.2 | X6: 7.9267173 | Y6: 22795035 | Z6: =Y6/1000000 -> 22.795035 | AA6: 50.492045 | AB6: 1.1001265 | AC6: 7.8604688
A7: 1 | B7: Japan | C7: =VLOOKUP(B7,'GDP Data1'!A:B,2,FALSE) -> JPN | D7: 2018 | E7: 1823133584 | F7: 21.323823 | G7: 13894907485399 | H7: 30.262544 | I7: 5.0408809e+12 | J7: 29.248602 | K7: 9905.4061 | L7: 9.200836 | M7: 39751.133 | N7: 10.590394 | O7: 136344 | P7: 11.822936 | Q7: 1402760000 | R7: 21.061708 | S7: 126811000 | T7: 18.658208 | U7: 0 | V7: 0 | W7: 9.12 | X7: 7.803046 | Y7: 23424446 | Z7: =Y7/1000000 -> 23.424446 | AA7: 50.24941 | AB7: 1.0373586 | AC7: 8.2225143
A8: 1 | B8: Japan | C8: =VLOOKUP(B8,'GDP Data1'!A:B,2,FALSE) -> JPN | D8: 2019 | E8: 1875583973 | F8: 21.352186 | G8: 14279968485748 | H8: 30.289879 | I8: 5.1179939e+12 | J8: 29.263784 | K8: 10143.86 | L8: 9.2246239 | M8: 40415.957 | N8: 10.60698 | O8: 119121.73 | P8: 11.687901 | Q8: 1407745000 | R8: 21.065255 | S8: 126633000 | T8: 18.656804 | U8: 0 | V8: 0 | W8: 9.08 | X8: 7.803046 | Y8: 23276482 | Z8: =Y8/1000000 -> 23.276482 | AA8: 49.878655 | AB8: 1.019695 | AC8: 8.2225143
A9: 1 | B9: Japan | C9: =VLOOKUP(B9,'GDP Data1'!A:B,2,FALSE) -> JPN | D9: 2020 | E9: 1770605763 | F9: 21.294588 | G9: 14687743556970 | H9: 30.318034 | I9: 5.0487896e+12 | J9: 29.25017 | K9: 10408.719 | L9: 9.2503991 | M9: 39986.929 | N9: 10.596308 | O9: 81856.357 | P9: 11.312721 | Q9: 1411100000 | R9: 21.067635 | S9: 126261000 | T9: 18.653862 | U9: 0 | V9: 0 | W9: 9.12 | X9: 7.803046 | Y9: 21556531 | Z9: =Y9/1000000 -> 21.556531 | AA9: 49.485977 | AB9: 1.0260669 | AC9: 8.2225143
A10: 1 | B10: Japan | C10: =VLOOKUP(B10,'GDP Data1'!A:B,2,FALSE) -> JPN | D10: 2021 | E10: 2113999967 | F10: 21.471848 | G10: 17820459342451 | H10: 30.511368 | I10: 5.0055367e+12 | J10: 29.241566 | K10: 12617.505 | L10: 9.4428404 | M10: 39827.127 | N10: 10.592304 | O10: 142421.71 | P10: 11.866548 | Q10: 1412360000 | R10: 21.068528 | S10: 125681593 | T10: 18.649262 | U10: 0 | V10: 0 | W10: 9.16 | X10: 7.803046 | Y10: 22204259 | Z10: =Y10/1000000 -> 22.204259 | AA10: 49.42007 | AB10: 1.0153564 | AC10: 8.2225143
A11: 1 | B11: Japan | C11: =VLOOKUP(B11,'GDP Data1'!A:B,2,FALSE) -> JPN | D11: 2022 | E11: 3367103863 | F11: 21.937319 | G11: 17963170521080 | H11: 30.519345 | I11: 4.2311412e+12 | J11: 29.073493 | K11: 12720.216 | L11: 9.4509478 | M11: 33815.317 | N11: 10.428669 | O11: 198374.01 | P11: 12.197909 | Q11: 1412175000 | R11: 21.068397 | S11: 125124989 | T11: 18.644824 | U11: 0 | V11: 0 | W11: 9.14 | X11: 7.803046 | Y11: 22851987 | Z11: =Y11/1000000 -> 22.851987 | AA11: 48.987517 | AB11: 1.073911 | AC11: 8.02
A12: 2 | B12: Australia | C12: =VLOOKUP(B12,'GDP Data1'!A:B,2,FALSE) -> AUS | D12: 2013 | E12: 7943425 | F12: 15.887855 | G12: 9570470577245 | H12: 29.889703 | I12: 1.5763297e+12 | J12: 28.08612 | K12: 7020.3857 | L12: 8.8565734 | M12: 68156.386 | N12: 11.12956 | O12: 785944.95 | P12: 13.574642 | Q12: 1363240000 | R12: 21.03313 | S12: 23128129 | T12: 16.95656 | U12: 0 | V12: 1 | W12: 9.46 | X12: 7.5106768 | Y12: 7290251 | Z12: =Y12/1000000 -> 7.290251 | AA12: 44.782354 | AB12: 1.031073 | AC12: 9.2225448
A13: 2 | B13: Australia | C13: =VLOOKUP(B13,'GDP Data1'!A:B,2,FALSE) -> AUS | D13: 2014 | E13: 7905269 | F13: 15.88304 | G13: 10475624783236 | H13: 29.980072 | I13: 1.4675899e+12 | J13: 28.014643 | K13: 7636.0742 | L13: 8.9406389 | M13: 62515.315 | N13: 11.043167 | O13: 747360.19 | P13: 13.524303 | Q13: 1371860000 | R13: 21.039433 | S13: 23475686 | T13: 16.971476 | U13: 0 | V13: 1 | W13: 9.46 | X13: 8.062534 | Y13: 7432288 | Z13: =Y13/1000000 -> 7.432288 | AA13: 39.157072 | AB13: 1.032192 | AC13: 9.2225448
... A21: 2 | B21: Australia | C21: =VLOOKUP(B21,'GDP Data1'!A:B,2,FALSE) -> AUS | D21: 2022 | E21: 45407239 | F21: 17.631182 | G21: 17963170521080 | H21: 30.519345 | I21: 1.6754187e+12 | J21: 28.147084 | K21: 12720.216 | L21: 9.4509478 | M21: 64491.43 | N21: 11.074288 | O21: 761242.62 | P21: 13.542707 | Q21: 1412175000 | R21: 21.068397 | S21: 25978935 | T21: 17.072797 | U21: 1 | V21: 1 | W21: 9.4977778 | X21: 8.3163352 | Y21: 7840592 | Z21: =Y21/1000000 -> 7.840592 | AA21: 24.483989 | AB21: 0.93357205 | AC21: 8.88
A22: 3 | B22: Brunei | C22: BRN | D22: 2013 | E22: 2387 | F22: 7.7777926 | G22: 9570470577245 | H22: 29.889703 | I22: 1.8094326e+10 | J22: 23.618864 | K22: 7020.3857 | L22: 8.8565734 | M22: 43950.057 | N22: 10.690809 | O22: 291248.08 | P22: 12.581931 | Q22: 1363240000 | R22: 21.03313 | S22: 411702 | T22: 12.928055 | U22: 0 | V22: 0 | W22: 9.5 | X22: 7.0996252 | Y22: 111817 | Z22: =Y22/1000000 -> 0.111817 | AA22: 16.355988 | AB22: 1.0740223 | AC22: 7.0584804
A23: 3 | B23: Brunei | C23: BRN | D23: 2014 | E23: 20986 | F23: 9.9516108 | G23: 10475624783236 | H23: 29.980072 | I23: 1.7097801e+10 | J23: 23.562216 | K23: 7636.0742 | L23: 8.9406389 | M23: 41035.773 | N23: 10.622199 | O23: 276949.71 | P23: 12.531591 | Q23: 1371860000 | R23: 21.039433 | S23: 416656 | T23: 12.940016 | U23: 0 | V23: 0 | W23: 9.76 | X23: 4.7752686 | Y23: 106168 | Z23: =Y23/1000000 -> 0.106168 | AA23: 17.195 | AB23: 1.261507 | AC23: 7.8083609
A24: 3 | B24: Brunei | C24: BRN | D24: 2015 | E24: 221378 | F24: 12.307627 | G24: 11061573199440 | H24: 30.034498 | I24: 1.2930293e+10 | J24: 23.282839 | K24: 8016.446 | L24: 8.9892505 | M24: 30681.437 | N24: 10.331413 | O24: 145189.02 | P24: 11.885792 | Q24: 1379860000 | R24: 21.045248 | S24: 421437 | T24: 12.951426 | U24: 0 | V24: 0 | W24: 9.76 | X24: 4.0546789 | Y24: 102798 | Z24: =Y24/1000000 -> 0.102798 | AA24: 18.034012 | AB24: 1.2337126 | AC24: 8.1587013
A25: 3 | B25: Brunei | C25: BRN | D25: 2016 | E25: 25337 | F25: 10.140021 | G25: 11233314018690 | H25: 30.049905 | I25: 1.1400467e+10 | J25: 23.15692 | K25: 8094.3904 | L25: 8.9989266 | M25: 26762.037 | N25: 10.19474 | O25: 127552.88 | P25: 11.756286 | Q25: 1387790000 | R25: 21.050978 | S25: 425994 | T25: 12.962181 | U25: 0 | V25: 0 | W25: 9.76 | X25: 4.2592272 | Y25: 98606 | Z25: =Y25/1000000 -> 0.098606 | AA25: 17.421137 | AB25: 1.1420178 | AC25: 8.1176436
A26: 3 | B26: Brunei | C26: BRN | D26: 2017 | E26: 3819 | F26: 8.2477439 | G26: 12310491176727 | H26: 30.141473 | I26: 1.2128182e+10 | J26: 23.218798 | K26: 8817.0455 | L26: 9.0844421 | M26: 28186.983 | N26: 10.246616 | O26: 151001.35 | P26: 11.925044 | Q26: 1396215000 | R26: 21.057031 | S26: 430276 | T26: 12.972182 | U26: 0 | V26: 0 | W26: 9.96 | X26: 4.3983561 | Y26: 104747 | Z26: =Y26/1000000 -> 0.104747 | AA26: 19.474477 | AB26: 1.1534252 | AC26: 7.1301135
A27: 3 | B27: Brunei | C27: BRN | D27: 2018 | E27: 20228 | F27: 9.9148231 | G27: 13894907485399 | H27: 30.262544 | I27: 1.3567164e+10 | J27: 23.330918 | K27: 9905.4061 | L27: 9.200836 | M27: 31241.024 | N27: 10.349487 | O27: 193885.48 | P27: 12.175023 | Q27: 1402760000 | R27: 21.061708 | S27: 434274 | T27: 12.981431 | U27: 0 | V27: 0 | W27: 9.96 | X27: 4.3180567 | Y27: 113125 | Z27: =Y27/1000000 -> 0.113125 | AA27: 19.017487 | AB27: 1.2358136 | AC27: 7.1302614
A28: 3 | B28: Brunei | C28: BRN | D28: 2019 | E28: 19692 | F28: 9.8879677 | G28: 14279968485748 | H28: 30.289879 | I28: 1.346924e+10 | J28: 23.323674 | K28: 10143.86 | L28: 9.2246239 | M28: 30748.32 | N28: 10.333591 | O28: 169394.87 | P28: 12.039988 | Q28: 1407745000 | R28: 21.065255 | S28: 438048 | T28: 12.990084 | U28: 0 | V28: 0 | W28: 9.94 | X28: 4.3180567 | Y28: 117901 | Z28: =Y28/1000000 -> 0.117901 | AA28: 19.76724 | AB28: 1.1109637 | AC28: 7.1302614
A29: 3 | B29: Brunei | C29: BRN | D29: 2020 | E29: 20841 | F29: 9.9446775 | G29: 14687743556970 | H29: 30.318034 | I29: 1.2005796e+10 | J29: 23.208655 | K29: 10408.719 | L29: 9.2503991 | M29: 27179.344 | N29: 10.210213 | O29: 116402.33 | P29: 11.664808 | Q29: 1411100000 | R29: 21.067635 | S29: 441725 | T29: 12.998443 | U29: 0 | V29: 0 | W29: 9.96 | X29: 4.3180567 | Y29: 106174 | Z29: =Y29/1000000 -> 0.106174 | AA29: 23.518026 | AB29: 1.1879984 | AC29: 7.1302614
A30: 3 | B30: Brunei | C30: BRN | D30: 2021 | E30: 13242 | F30: 9.4911489 | G30: 17820459342451 | H30: 30.511368 | I30: 1.4006497e+10 | J30: 23.362787 | K30: 12617.505 | L30: 9.4428404 | M30: 31448.914 | N30: 10.35612 | O30: 202528.18 | P30: 12.218634 | Q30: 1412360000 | R30: 21.068528 | S30: 445373 | T30: 13.006667 | U30: 0 | V30: 0 | W30: 9.94 | X30: 4.3180567 | Y30: 94447 | Z30: =Y30/1000000 -> 0.094447 | AA30: 25.214371 | AB30: 1.1716517 | AC30: 7.1302614
A31: 3 | B31: Brunei | C31: BRN | D31: 2022 | E31: 85551 | F31: 11.356868 | G31: 17963170521080 | H31: 30.519345 | I31: 1.6681532e+10 | J31: 23.537568 | K31: 12720.216 | L31: 9.4509478 | M31: 37152.466 | N31: 10.522785 | O31: 282094.13 | P31: 12.549996 | Q31: 1412175000 | R31: 21.068397 | S31: 449002 | T31: 13.014783 | U31: 0 | V31: 0 | W31: 9.8377778 | X31: 4.65 | Y31: 82720 | Z31: =Y31/1000000 -> 0.08272 | AA31: 27.216805 | AB31: 1.257368 | AC31: 7.42
A32: 4 | B32: Canada | C32: =VLOOKUP(B32,'GDP Data1'!A:B,2,FALSE) -> CAN | D32: 2013 | E32: 17651000 | F32: 16.686303 | G32: 9570470577245 | H32: 29.889703 | I32: 1.8465974e+12 | J32: 28.244366 | K32: 7020.3857 | L32: 8.8565734 | M32: 52635.175 | N32: 10.87114 | O32: 984689.72 | P32: 13.800082 | Q32: 1363240000 | R32: 21.03313 | S32: 35082954 | T32: 17.373226 | U32: 0 | V32: 0 | W32: 9.16 | X32: 8.1541863 | Y32: 5260202 | Z32: =Y32/1000000 -> 5.260202 | AA32: 48.257897 | AB32: 1.0614218 | AC32: 7.4377159
A33: 4 | B33: Canada | C33: =VLOOKUP(B33,'GDP Data1'!A:B,2,FALSE) -> CAN | D33: 2014 | E33: 17686756 | F33: 16.688327 | G33: 10475624783236 | H33: 29.980072 | I33: 1.8057499e+12 | J33: 28.221997 | K33: 7636.0742 | L33: 8.9406389 | M33: 50955.998 | N33: 10.838718 | O33: 936347.9 | P33: 13.749742 | Q33: 1371860000 | R33: 21.039433 | S33: 35437435 | T33: 17.383279 | U33: 0 | V33: 0 | W33: 9.16 | X33: 9.3405814 | Y33: 5447571 | Z33: =Y33/1000000 -> 5.447571 | AA33: 46.331822 | AB33: 1.1755038 | AC33: 7.4834016
A34: 4 | B34: Canada | C34: =VLOOKUP(B34,'GDP Data1'!A:B,2,FALSE) -> CAN | D34: 2015 | E34: 19936988 | F34: 16.808087 | G34: 11061573199440 | H34: 30.034498 | I34: 1.5565088e+12 | J34: 28.073466 | K34: 8016.446 | L34: 8.9892505 | M34: 43596.136 | N34: 10.682724 | O34: 490874.1 | P34: 13.103943 | Q34: 1379860000 | R34: 21.045248 | S34: 35702908 | T34: 17.390743 | U34: 0 | V34: 0 | W34: 9.16 | X34: 8.8341172 | Y34: 5828525 | Z34: =Y34/1000000 -> 5.828525 | AA34: 43.692533 | AB34: 1.2623369 | AC34: 7.4834016
A35: 4 | B35: Canada | C35: =VLOOKUP(B35,'GDP Data1'!A:B,2,FALSE) -> CAN | D35: 2016 | E35: 21496945 | F35: 16.883421 | G35: 11233314018690 | H35: 30.049905 | I35: 1.5279947e+12 | J35: 28.054977 | K35: 8094.3904 | L35: 8.9989266 | M35: 42315.604 | N35: 10.652911 | O35: 431247.52 | P35: 12.974437 | Q35: 1387790000 | R35: 21.050978 | S35: 36109487 | T35: 17.402066 | U35: 0 | V35: 0 | W35: 9.18 | X35: 8.9711207 | Y35: 5727822 | Z35: =Y35/1000000 -> 5.727822 | AA35: 41.966319 | AB35: 1.2404116 | AC35: 7.4828586
A36: 4 | B36: Canada | C36: =VLOOKUP(B36,'GDP Data1'!A:B,2,FALSE) -> CAN | D36: 2017 | E36: 15072124 | F36: 16.528358 | G36: 12310491176727 | H36: 30.141473 | I36: 1.6492656e+12 | J36: 28.131351 | K36: 8817.0455 | L36: 9.0844421 | M36: 45129.429 | N36: 10.71729 | O36: 510525.18 | P36: 13.143195 | Q36: 1396215000 | R36: 21.057031 | S36: 36545236 | T36: 17.414061 | U36: 0 | V36: 0 | W36: 9.2 | X36: 8.9115793 | Y36: 6377236 | Z36: =Y36/1000000 -> 6.377236 | AA36: 39.582159 | AB36: 1.0896796 | AC36: 7.9055849
A37: 4 | B37: Canada | C37: =VLOOKUP(B37,'GDP Data1'!A:B,2,FALSE) -> CAN | D37: 2018 | E37: 19638763 | F37: 16.793016 | G37: 13894907485399 | H37: 30.262544 | I37: 1.7252979e+12 | J37: 28.176421 | K37: 9905.4061 | L37: 9.200836 | M37: 46547.795 | N37: 10.748235 | O37: 655513.47 | P37: 13.393174 | Q37: 1402760000 | R37: 21.061708 | S37: 37065084 | T37: 17.428186 | U37: 0 | V37: 0 | W37: 9.2 | X37: 8.9289801 | Y37: 6763247 | Z37: =Y37/1000000 -> 6.763247 | AA37: 37.375199 | AB37: 0.96377438 | AC37: 7.9055849
A38: 4 | B38: Canada | C38: =VLOOKUP(B38,'GDP Data1'!A:B,2,FALSE) -> CAN | D38: 2019 | E38: 32785119 | F38: 17.305485 | G38: 14279968485748 | H38: 30.289879 | I38: 1.7437252e+12 | J38: 28.187045 | K38: 10143.86 | L38: 9.2246239 | M38: 46374.153 | N38: 10.744498 | O38: 572712.41 | P38: 13.258139 | Q38: 1407745000 | R38: 21.065255 | S38: 37601230 | T38: 17.442547 | U38: 0 | V38: 0 | W38: 9.22 | X38: 8.9289801 | Y38: 7000133 | Z38: =Y38/1000000 -> 7.000133 | AA38: 36.234178 | AB38: 0.99481791 | AC38: 7.9055849
A39: 4 | B39: Canada | C39: =VLOOKUP(B39,'GDP Data1'!A:B,2,FALSE) -> CAN | D39: 2020 | E39: 36597701 | F39: 17.415496 | G39: 14687743556970 | H39: 30.318034 | I39: 1.6475984e+12 | J39: 28.13034 | K39: 10408.719 | L39: 9.2503991 | M39: 43349.678 | N39: 10.677055 | O39: 393548.27 | P39: 12.882959 | Q39: 1411100000 | R39: 21.067635 | S39: 38007166 | T39: 17.453285 | U39: 0 | V39: 0 | W39: 9.22 | X39: 8.9289801 | Y39: 6298023 | Z39: =Y39/1000000 -> 6.298023 | AA39: 35.208382 | AB39: 1.0131047 | AC39: 7.9055849
A40: 4 | B40: Canada | C40: =VLOOKUP(B40,'GDP Data1'!A:B,2,FALSE) -> CAN | D40: 2021 | E40: 49724954 | F40: 17.722017 | G40: 17820459342451 | H40: 30.511368 | I40: 2.0014867e+12 | J40: 28.324911 | K40: 12617.505 | L40: 9.4428404 | M40: 52358.622 | N40: 10.865872 | O40: 684733.83 | P40: 13.436785 | Q40: 1412360000 | R40: 21.068528 | S40: 38226498 | T40: 17.459039 | U40: 0 | V40: 0 | W40: 9.2 | X40: 8.9289801 | Y40: 7169607 | Z40: =Y40/1000000 -> 7.169607 | AA40: 30.881919 | AB40: 0.96219599 | AC40: 8.0196838
A41: 4 | B41: Canada | C41: =VLOOKUP(B41,'GDP Data1'!A:B,2,FALSE) -> CAN | D41: 2022 | E41: 102281773 | F41: 18.443242 | G41: 17963170521080 | H41: 30.519345 | I41: 2.13984e+12 | J41: 28.391752 | K41: 12720.216 | L41: 9.4509478 | M41: 54966.489 | N41: 10.914479 | O41: 953740.83 | P41: 13.768147 | Q41: 1412175000 | R41: 21.068397 | S41: 38929902 | T41: 17.477273 | U41: 0 | V41: 0 | W41: 9.1888889 | X41: 8.9289801 | Y41: 8041191 | Z41: =Y41/1000000 -> 8.041191 | AA41: 29.416716 | AB41: 0.77281404 | AC41: 7.73
A42: 5 | B42: Chile | C42: =VLOOKUP(B42,'GDP Data1'!A:B,2,FALSE) -> CHL | D42: 2013 | E42: 177739 | F42: 12.088071 | G42: 9570470577245 | H42: 29.889703 | I42: 2.7723947e+11 | J42: 26.348147 | K42: 7020.3857 | L42: 8.8565734 | M42: 15833.276 | N42: 9.6698691 | O42: 1836299.1 | P42: 14.423263 | Q42: 1363240000 | R42: 21.03313 | S42: 17509925 | T42: 16.678278 | U42: 0 | V42: 1 | W42: 8.8 | X42: 7.58983 | Y42: 3853407 | Z42: =Y42/1000000 -> 3.853407 | AA42: 19.116193 | AB42: 0.36374253 | AC42: 8.9082412
A43: 5 | B43: Chile | C43: =VLOOKUP(B43,'GDP Data1'!A:B,2,FALSE) -> CHL | D43: 2014 | E43: 185124 | F43: 12.128781 | G43: 10475624783236 | H43: 29.980072 | I43: 2.5940519e+11 | J43: 26.281657 | K43: 7636.0742 | L43: 8.9406389 | M43: 14666.343 | N43: 9.5933106 | O43: 1746148.9 | P43: 14.372923 | Q43: 1371860000 | R43: 21.039433 | S43: 17687108 | T43: 16.688347 | U43: 0 | V43: 0 | W43: 8.8 | X43: 8.4147994 | Y43: 3956160 | Z43: =Y43/1000000 -> 3.95616 | AA43: 19.379929 | AB43: 0.44751692 | AC43: 8.9083317
... A101: 10 | B101: Singapore | C101: =VLOOKUP(B101,'GDP Data1'!A:B,2,FALSE) -> SGP | D101: 2022 | E101: 5795002678 | F101: 22.480262 | G101: 17963170521080 | H101: 30.519345 | I101: 4.6678854e+11 | J101: 26.869142 | K101: 12720.216 | L101: 9.4509478 | M101: 82807.649 | N101: 11.324276 | O101: 367687.47 | P101: 12.814989 | Q101: 1412175000 | R101: 21.068397 | S101: 5637022 | T101: 15.544866 | U101: 0 | V101: 1 | W101: 9.9866667 | X101: 9.1933784 | Y101: 38069100 | Z101: =Y101/1000000 -> 38.0691 | AA101: 31.899256 | AB101: 1.4599425 | AC101: 8.76
A102: 11 | B102: Viet Nam | C102: VNM | D102: 2013 | E102: 1010025837 | F102: 20.733242 | G102: 9570470577245 | H102: 29.889703 | I102: 2.1370883e+11 | J102: 26.08788 | K102: 7020.3857 | L102: 8.8565734 | M102: 2367.4995 | N102: 7.7695896 | O102: 218725.69 | P102: 12.295574 | Q102: 1363240000 | R102: 21.03313 | S102: 90267739 | T102: 18.318291 | U102: 1 | V102: 0 | W102: 8.1 | X102: 6.3328075 | Y102: 8035812 | Z102: =Y102/1000000 -> 8.035812 | AA102: 7.4504237 | AB102: 0.25057727 | AC102: 6.5202541
A103: 11 | B103: Viet Nam | C103: VNM | D103: 2014 | E103: 531131536 | F103: 20.09052 | G103: 10475624783236 | H103: 29.980072 | I103: 2.3345148e+11 | J103: 26.17624 | K103: 7636.0742 | L103: 8.9406389 | M103: 2558.7789 | N103: 7.8472854 | O103: 207987.69 | P103: 12.245234 | Q103: 1371860000 | R103: 21.039433 | S103: 91235504 | T103: 18.328955 | U103: 1 | V103: 0 | W103: 8.1 | X103: 4.8509017 | Y103: 9473429 | Z103: =Y103/1000000 -> 9.473429 | AA103: 7.3713946 | AB103: -0.022347357 | AC103: 6.1977032
A104: 11 | B104: Viet Nam | C104: VNM | D104: 2015 | E104: 582022277 | F104: 20.182019 | G104: 11061573199440 | H104: 30.034498 | I104: 2.3925834e+11 | J104: 26.20081 | K104: 8016.446 | L104: 8.9892505 | M104: 2595.235 | N104: 7.8614323 | O104: 109036.15 | P104: 11.599435 | Q104: 1379860000 | R104: 21.045248 | S104: 92191398 | T104: 18.339377 | U104: 1 | V104: 0 | W104: 7.16 | X104: 5.3045213 | Y104: 10615391 | Z104: =Y104/1000000 -> 10.615391 | AA104: 7.9453693 | AB104: 0.063808225 | AC104: 6.1696223
A105: 11 | B105: Viet Nam | C105: VNM | D105: 2016 | E105: 1340006465 | F105: 21.01594 | G105: 11233314018690 | H105: 30.049905 | I105: 2.57096e+11 | J105: 26.272715 | K105: 8094.3904 | L105: 8.9989266 | M105: 2760.7171 | N105: 7.9232457 | O105: 95791.505 | P105: 11.469929 | Q105: 1387790000 | R105: 21.050978 | S105: 93126529 | T105: 18.34947 | U105: 1 | V105: 0 | W105: 8.08 | X105: 5.3712184 | Y105: 11282230 | Z105: =Y105/1000000 -> 11.28223 | AA105: 6.0111948 | AB105: 0.22683252 | AC105: 6.1796208
A106: 11 | B106: Viet Nam | C106: VNM | D106: 2017 | E106: 4012268948 | F106: 22.112623 | G106: 12310491176727 | H106: 30.141473 | I106: 2.8135363e+11 | J106: 26.362878 | K106: 8817.0455 | L106: 9.0844421 | M106: 2992.0717 | N106: 8.0037213 | O106: 113401.17 | P106: 11.638687 | Q106: 1396215000 | R106: 21.057031 | S106: 94033048 | T106: 18.359157 | U106: 1 | V106: 0 | W106: 8.08 | X106: 5.3134006 | Y106: 12382524 | Z106: =Y106/1000000 -> 12.382524 | AA106: 4.6637082 | AB106: 0.21142159 | AC106: 5.3946829
A107: 11 | B107: Viet Nam | C107: VNM | D107: 2018 | E107: 5761936914 | F107: 22.47454 | G107: 13894907485399 | H107: 30.262544 | I107: 3.1010647e+11 | J107: 26.460182 | K107: 9905.4061 | L107: 9.200836 | M107: 3267.225 | N107: 8.0916963 | O107: 145606.92 | P107: 11.888666 | Q107: 1402760000 | R107: 21.061708 | S107: 94914330 | T107: 18.368485 | U107: 1 | V107: 0 | W107: 8.1 | X107: 5.3448607 | Y107: 13394390 | Z107: =Y107/1000000 -> 13.39439 | AA107: 4.5265041 | AB107: 0.032742601 | AC107: 5.3977342
A108: 11 | B108: Viet Nam | C108: VNM | D108: 2019 | E108: 9916482381 | F108: 23.017464 | G108: 14279968485748 | H108: 30.289879 | I108: 3.3436526e+11 | J108: 26.5355 | K108: 10143.86 | L108: 9.2246239 | M108: 3491.0913 | N108: 8.1579697 | O108: 127214.61 | P108: 11.753631 | Q108: 1407745000 | R108: 21.065255 | S108: 95776716 | T108: 18.37753 | U108: 1 | V108: 0 | W108: 8.08 | X108: 5.3448607 | Y108: 15297028 | Z108: =Y108/1000000 -> 15.297028 | AA108: 3.8193051 | AB108: 0.03891024 | AC108: 5.3977342
A109: 11 | B109: Viet Nam | C109: VNM | D109: 2020 | E109: 13388712775 | F109: 23.317678 | G109: 14687743556970 | H109: 30.318034 | I109: 3.4661575e+11 | J109: 26.571483 | K109: 10408.719 | L109: 9.2503991 | M109: 3586.3473 | N109: 8.1848895 | O109: 87417.503 | P109: 11.378451 | Q109: 1411100000 | R109: 21.067635 | S109: 96648685 | T109: 18.386593 | U109: 1 | V109: 0 | W109: 8.1 | X109: 5.3448607 | Y109: 16394723 | Z109: =Y109/1000000 -> 16.394723 | AA109: 3.316936 | AB109: -0.038535811 | AC109: 5.3977342
A110: 11 | B110: Viet Nam | C110: VNM | D110: 2021 | E110: 13963172367 | F110: 23.359689 | G110: 17820459342451 | H110: 30.511368 | I110: 3.6613759e+11 | J110: 26.626275 | K110: 12617.505 | L110: 9.4428404 | M110: 3756.4891 | N110: 8.2312401 | O110: 152097.53 | P110: 11.932277 | Q110: 1412360000 | R110: 21.068528 | S110: 97468029 | T110: 18.395035 | U110: 1 | V110: 0 | W110: 8.08 | X110: 5.5643376 | Y110: 18359845 | Z110: =Y110/1000000 -> 18.359845 | AA110: 3.2036044 | AB110: -0.11818971 | AC110: 5.573717
A111: 11 | B111: Viet Nam | C111: VNM | D111: 2022 | E111: 12552810750 | F111: 23.25321 | G111: 17963170521080 | H111: 30.519345 | I111: 4.0880238e+11 | J111: 26.736498 | K111: 12720.216 | L111: 9.4509478 | M111: 4163.5143 | N111: 8.3341148 | O111: 211851.12 | P111: 12.263639 | Q111: 1412175000 | R111: 21.068397 | S111: 98186856 | T111: 18.402383 | U111: 1 | V111: 0 | W111: 7.9866667 | X111: 5.7838145 | Y111: 20324967 | Z111: =Y111/1000000 -> 20.324967 | AA111: 2.4348178 | AB111: -0.030564662 | AC111: 5.8

Sheet Trade data
B1: 2013 | C1: 2014 | D1: 2015 | E1: 2016 | F1: 2017 | G1: 2018 | H1: 2019 | I1: 2020 | J1: 2021 | K1: 2022
A2: Japan | B2: 1578105841 | C2: 1603313761 | D2: 1882567071 | E2: 1563575405 | F2: 1875336826 | G2: 1823133584 | H2: 1875583973 | I2: 1770605763 | J2: 2113999967 | K2: 3367103863
A3: Australia | B3: 7943425 | C3: 7905269 | D3: 6562834 | E3: 5556350 | F3: 3319391 | G3: 4265130 | H3: 7659634 | I3: 11748860 | J3: 14536431 | K3: 45407239
A4: Brunei | B4: 2387 | C4: 20986 | D4: 221378 | E4: 25337 | F4: 3819 | G4: 20228 | H4: 19692 | I4: 20841 | J4: 13242 | K4: 85551
A5: Canada | B5: 17651000 | C5: 17686756 | D5: 19936988 | E5: 21496945 | F5: 15072124 | G5: 19638763 | H5: 32785119 | I5: 36597701 | J5: 49724954 | K5: 102281773
A6: Chile | B6: 177739 | C6: 185124 | D6: 42720 | E6: 302386 | F6: 184273 | G6: 513374 | H6: 659932 | I6: 348099 | J6: 602343 | K6: 802627
A7: Malaysia | B7: 2577758353 | C7: 3036501061 | D7: 2580228717 | E7: 2103410812 | F7: 4075830116 | G7: 5494966395 | H7: 6239931604 | I7: 6527460719 | J7: 9375706717 | K7: 12068973243
A8: Mexico | B8: 133508996 | C8: 138895969 | D8: 97876330 | E8: 93800994 | F8: 99475387 | G8: 257548595 | H8: 446522162 | I8: 432802729 | J8: 742098008 | K8: 1001436251
A9: New Zealand | B9: 775365 | C9: 984107 | D9: 632985 | E9: 125078 | F9: 153815 | G9: 935598 | H9: 455992 | I9: 1133608 | J9: 1256667 | K9: 3061579
A10: Peru | B10: 21715 | C10: 150001 | D10: 163086 | E10: 73569 | F10: 181353 | G10: 202452 | H10: 527359 | I10: 553837 | J10: 344943 | K10: 605810
A11: Singapore | B11: 4295261370 | C11: 4193038960 | D11: 5065419446 | E11: 3538177077 | F11: 3776416093 | G11: 3890321814 | H11: 3811357742 | I11: 5085616398 | J11: 5399921776 | K11: 5795002678
A12: Vietnam | B12: 1010025837 | C12: 531131536 | D12: 582022277 | E12: 1340006465 | F12: 4012268948 | G12: 5761936914 | H12: 9916482381 | I12: 13388712775 | J12: 13963172367 | K12: 12552810750

Sheet GDP Data1
A1: Data Source | B1: World Development Indicators
A2: Last Updated Date | B2: 45188
A4: Country Name | B4: Country Code | C4: Indicator Name | D4: Indicator Code | E4: 1960 | F4: 1961 | G4: 1962 | H4: 1963 | I4: 1964 | J4: 1965 | K4: 1966 | L4: 1967 | M4: 1968 | N4: 1969 | O4: 1970 | P4: 1971 | Q4: 1972 | R4: 1973 | S4: 1974 | T4: 1975 | U4: 1976 | V4: 1977 | W4: 1978 | X4: 1979 | Y4: 1980 | Z4: 1981 | AA4: 1982 | AB4: 1983 | AC4: 1984 | AD4: 1985 | AE4: 1986 | AF4: 1987 | AG4: 1988 | AH4: 1989 | AI4: 1990 | AJ4: 1991 | AK4: 1992 | AL4: 1993 | AM4: 1994 | AN4: 1995 | AO4: 1996 | AP4: 1997 | AQ4: 1998 | AR4: 1999 | AS4: 2000 | AT4: 2001 | AU4: 2002 | AV4: 2003 | AW4: 2004 | AX4: 2005 | AY4: 2006 | AZ4: 2007 | BA4: 2008 | BB4: 2009 | BC4: 2010 | BD4: 2011 | BE4: 2012 | BF4: 2013 | BG4: 2014 | BH4: 2015 | BI4: 2016 | BJ4: 2017 | BK4: 2018 | BL4: 2019 | BM4: 2020 | BN4: 2021 | BO4: 2022
A5: Aruba | B5: ABW | C5: GDP (current US$) | D5: NY.GDP.MKTP.CD | AE5: 4.0558659e+08 | AF5: 4.877095e+08 | AG5: 5.9664804e+08 | AH5: 6.9553073e+08 | AI5: 7.6480447e+08 | AJ5: 8.7206704e+08 | AK5: 9.5865922e+08 | AL5: 1.0832402e+09 | AM5: 1.2458101e+09 | AN5: 1.3206704e+09 | AO5: 1.3798883e+09 | AP5: 1.5318436e+09 | AQ5: 1.6653631e+09 | AR5: 1.722905e+09 | AS5: 1.8731844e+09 | AT5: 1.896648e+09 | AU5: 1.9620112e+09 | AV5: 2.0441341e+09 | AW5: 2.2547486e+09 | AX5: 2.3597765e+09 | AY5: 2.4698324e+09 | AZ5: 2.6776536e+09 | BA5: 2.8430168e+09 | BB5: 2.5536313e+09 | BC5: 2.4536313e+09 | BD5: 2.6379888e+09 | BE5: 2.6150838e+09 | BF5: 2.727933e+09 | BG5: 2.7910615e+09 | BH5: 2.9631285e+09 | BI5: 2.9837989e+09 | BJ5: 3.0921788e+09 | BK5: 3.2761877e+09 | BL5: 3.3957939e+09 | BM5: 2.6100389e+09 | BN5: 3.1260194e+09
A6: Africa Eastern and Southern | B6: AFE | C6: GDP (current US$) | D6: NY.GDP.MKTP.CD | E6: 2.1125015e+10 | F6: 2.1616228e+10 | G6: 2.350628e+10 | H6: 2.804836e+10 | I6: 2.5920665e+10 | J6: 2.9472103e+10 | K6: 3.2014368e+10 | L6: 3.326951e+10 | M6: 3.6327785e+10 | N6: 4.1638968e+10 | O6: 4.4629892e+10 | P6: 4.9173372e+10 | Q6: 5.312346e+10 | R6: 6.9482723e+10 | S6: 8.5380645e+10 | T6: 9.0835426e+10 | U6: 9.0212747e+10 | V6: 1.0224058e+11 | W6: 1.1608464e+11 | X6: 1.3425683e+11 | Y6: 1.7121779e+11 | Z6: 1.7585926e+11 | AA6: 1.6809566e+11 | AB6: 1.7556491e+11 | AC6: 1.6064675e+11 | AD6: 1.3675944e+11 | AE6: 1.5305034e+11 | AF6: 1.8665848e+11 | AG6: 2.0476599e+11 | AH6: 2.1824161e+11 | AI6: 2.5406209e+11 | AJ6: 2.7685673e+11 | AK6: 2.4608812e+11 | AL6: 2.4292641e+11 | AM6: 2.3961068e+11 | AN6: 2.7032715e+11 | AO6: 2.6949083e+11 | AP6: 2.8344622e+11 | AQ6: 2.6665233e+11 | AR6: 2.6302479e+11 | AS6: 2.8475932e+11 | AT6: 2.5964312e+11 | AU6: 2.6652943e+11 | AV6: 3.5417677e+11 | AW6: 4.404818e+11 | AX6: 5.1394163e+11 | AY6: 5.7758693e+11 | AZ6: 6.6286804e+11 | BA6: 7.1053623e+11 | BB6: 7.2190117e+11 | BC6: 8.6351954e+11 | BD6: 9.6782457e+11 | BE6: 9.7535478e+11 | BF6: 9.8598713e+11 | BG6: 1.0065264e+12 | BH6: 9.2734847e+11 | BI6: 8.8517643e+11 | BJ6: 1.0210432e+12 | BK6: 1.0071962e+12 | BL6: 1.0008341e+12 | BM6: 9.2759332e+11 | BN6: 1.0819981e+12 | BO6: 1.1694837e+12
A7: Afghanistan | B7: AFG | C7: GDP (current US$) | D7: NY.GDP.MKTP.CD | E7: 5.3777781e+08 | F7: 5.488889e+08 | G7: 5.4666668e+08 | H7: 7.5111119e+08 | I7: 8.0000004e+08 | J7: 1.0066666e+09 | K7: 1.4e+09 | L7: 1.6733334e+09 | M7: 1.3733334e+09 | N7: 1.4088889e+09 | O7: 1.7488866e+09 | P7: 1.831109e+09 | Q7: 1.5955555e+09 | R7: 1.7333333e+09 | S7: 2.1555555e+09 | T7: 2.3666666e+09 | U7: 2.5555556e+09 | V7: 2.9533334e+09 | W7: 3.3000001e+09 | X7: 3.6979404e+09 | Y7: 3.6417233e+09 | Z7: 3.4787879e+09 | AU7: 3.8542353e+09 | AV7: 4.5394966e+09 | AW7: 5.220825e+09 | AX7: 6.2261989e+09 | AY7: 6.9713833e+09 | AZ7: 9.7157651e+09 | BA7: 1.024977e+10 | BB7: 1.2154836e+10 | BC7: 1.5633844e+10 | BD7: 1.8190414e+10 | BE7: 2.0203573e+10 | BF7: 2.0564485e+10 | BG7: 2.0550583e+10 | BH7: 1.9998144e+10 | BI7: 1.8019554e+10 | BJ7: 1.8896353e+10 | BK7: 1.841886e+10 | BL7: 1.8904502e+10 | BM7: 2.0143452e+10 | BN7: 1.4583135e+10
A8: Africa Western and Central | B8: AFW | C8: GDP (current US$) | D8: NY.GDP.MKTP.CD | E8: 1.0447638e+10 | F8: 1.1173212e+10 | G8: 1.1990534e+10 | H8: 1.2727688e+10 | I8: 1.3898109e+10 | J8: 1.4929792e+10 | K8: 1.5910838e+10 | L8: 1.451058e+10 | M8: 1.4968236e+10 | N8: 1.6979316e+10 | O8: 2.3596164e+10 | P8: 2.0936359e+10 | Q8: 2.5386169e+10 | R8: 3.1975595e+10 | S8: 4.4416677e+10 | T8: 5.166719e+10 | U8: 6.2351622e+10 | V8: 6.5595123e+10 | W8: 7.1496497e+10 | X8: 8.8948338e+10 | Y8: 1.1243913e+11 | Z8: 2.1133806e+11 | AA8: 1.8744872e+11 | AB8: 1.3838418e+11 | AC8: 1.1451635e+11 | AD8: 1.16777e+11 | AE8: 1.0788651e+11 | AF8: 1.1072883e+11 | AG8: 1.0943885e+11 | AH8: 1.02255e+11 | AI8: 1.2238735e+11 | AJ8: 1.180397e+11 | AK8: 1.1889309e+11 | AL8: 9.927218e+10 | AM8: 8.66364e+10 | AN8: 1.0869089e+11 | AO8: 1.2628729e+11 | AP8: 1.2760239e+11 | AQ8: 1.3067813e+11 | AR8: 1.3808597e+11 | AS8: 1.4094576e+11 | AT8: 1.4852952e+11 | AU8: 1.7720116e+11 | AV8: 2.0521447e+11 | AW8: 2.542648e+11 | AX8: 3.1088958e+11 | AY8: 3.9692104e+11 | AZ8: 4.6548553e+11 | BA8: 5.6779116e+11 | BB8: 5.0836273e+11 | BC8: 5.9852156e+11 | BD8: 6.8201586e+11 | BE8: 7.3758947e+11 | BF8: 8.3394805e+11 | BG8: 8.9432248e+11 | BH8: 7.6864474e+11 | BI8: 6.9136341e+11 | BJ8: 6.8489876e+11 | BK8: 7.6702574e+11 | BL8: 8.2253839e+11 | BM8: 7.8646004e+11 | BN8: 8.4445972e+11 | BO8: 8.7786328e+11
A9: Angola | B9: AGO | C9: GDP (current US$) | D9: NY.GDP.MKTP.CD | Y9: 5.9305034e+09 | Z9: 5.550483e+09 | AA9: 5.550483e+09 | AB9: 5.7843416e+09 | AC9: 6.1314751e+09 | AD9: 7.5540654e+09 | AE9: 7.0725361e+09 | AF9: 8.0844124e+09 | AG9: 8.7698368e+09 | AH9: 1.0201781e+10 | AI9: 1.1229516e+10 | AJ9: 1.2704559e+10 | AK9: 1.5114352e+10 | AL9: 1.1051939e+10 | AM9: 3390500000 | AN9: 5.5612222e+09 | AO9: 7.526964e+09 | AP9: 7.6483774e+09 | AQ9: 6.5062296e+09 | AR9: 6.1529229e+09 | AS9: 9.1295948e+09 | AT9: 8.9360793e+09 | AU9: 1.5285592e+10 | AV9: 1.7812705e+10 | AW9: 2.3552058e+10 | AX9: 3.6970901e+10 | AY9: 5.2381025e+10 | AZ9: 6.5266416e+10 | BA9: 8.8538665e+10 | BB9: 7.0307196e+10 | BC9: 8.1699527e+10 | BD9: 1.0943657e+11 | BE9: 1.2499821e+11 | BF9: 1.3340158e+11 | BG9: 1.3724444e+11 | BH9: 8.72193e+10 | BI9: 4.9840491e+10 | BJ9: 6.8972769e+10 | BK9: 7.7792944e+10 | BL9: 6.930911e+10 | BM9: 5.0241368e+10 | BN9: 6.5685435e+10 | BO9: 1.0671362e+11
A10: Albania | B10: ALB | C10: GDP (current US$) | D10: NY.GDP.MKTP.CD | AC10: 1.857338e+09 | AD10: 1.8970501e+09 | AE10: 2097326250 | AF10: 2080796250 | AG10: 2051236250 | AH10: 2253090000 | AI10: 2028553750 | AJ10: 1.099559e+09 | AK10: 6.5217499e+08 | AL10: 1.1853155e+09 | AM10: 1.8809509e+09 | AN10: 2.3927649e+09 | AO10: 3.1996408e+09 | AP10: 2.258514e+09 | AQ10: 2.5459645e+09 | AR10: 3.2121217e+09 | AS10: 3.4803553e+09 | AT10: 3.9221008e+09 | AU10: 4.3480682e+09 | AV10: 5.6114963e+09 | AW10: 7.1846858e+09 | AX10: 8.0520772e+09 | AY10: 8.896075e+09 | AZ10: 1.0677325e+10 | BA10: 1.2881353e+10 | BB10: 1.2044206e+10 | BC10: 1.1926927e+10 | BD10: 1.289076e+10 | BE10: 1.2319834e+10 | BF10: 1.2776225e+10 | BG10: 1.3228148e+10 | BH10: 1.1386853e+10 | BI10: 1.18612e+10 | BJ10: 1.3019726e+10 | BK10: 1.5156424e+10 | BL10: 1.5401826e+10 | BM10: 1.5162734e+10 | BN10: 1.7930565e+10 | BO10: 1.8882096e+10
A11: Andorra | B11: AND | C11: GDP (current US$) | D11: NY.GDP.MKTP.CD | O11: 78617623 | P11: 89406588 | Q11: 1.134144e+08 | R11: 1.5084157e+08 | S11: 1.8655716e+08 | T11: 2.2011288e+08 | U11: 2.2728406e+08 | V11: 2.53998e+08 | W11: 3.0802029e+08 | X11: 4.1154837e+08 | Y11: 4.4637757e+08 | Z11: 3.8898299e+08 | AA11: 3.7591481e+08 | AB11: 3.2784998e+08 | AC11: 3.3007306e+08 | AD11: 3.4674288e+08 | AE11: 4.8199619e+08 | AF11: 6.1130015e+08 | AG11: 7.2142597e+08 | AH11: 7.9548946e+08 | AI11: 1.0289894e+09 | AJ11: 1.106891e+09 | AK11: 1.2099926e+09 | AL11: 1.0070909e+09 | AM11: 1.0175447e+09 | AN11: 1.1787453e+09 | AO11: 1.2240234e+09 | AP11: 1.1806461e+09 | AQ11: 1.211954e+09 | AR11: 1.2398403e+09 | AS11: 1.4290481e+09 | AT11: 1.5469123e+09 | AU11: 1.7559899e+09 | AV11: 2.3616358e+09 | AW11: 2.8950476e+09 | AX11: 3.1598269e+09 | AY11: 3.4562651e+09 | AZ11: 3.9523977e+09 | BA11: 4.0857819e+09 | BB11: 3.6741882e+09 | BC11: 3.4499257e+09 | BD11: 3.6291336e+09 | BE11: 3.1886528e+09 | BF11: 3.193513e+09 | BG11: 3.2716856e+09 | BH11: 2.7898813e+09 | BI11: 2.8966105e+09 | BJ11: 3.0001621e+09 | BK11: 3.2184199e+09 | BL11: 3.1551493e+09 | BM11: 2.8910011e+09 | BN11: 3.3251454e+09 | BO11: 3.3520327e+09
A12: Arab World | B12: ARB | C12: GDP (current US$) | D12: NY.GDP.MKTP.CD | M12: 3.4715404e+10 | N12: 3.7827652e+10 | O12: 4.2768537e+10 | P12: 4.942852e+10 | Q12: 5.8935858e+10 | R12: 7.4780454e+10 | S12: 1.4213763e+11 | T12: 1.5706923e+11 | U12: 1.9551376e+11 | V12: 2.2567646e+11 | W12: 2.4960826e+11 | X12: 3.3796175e+11 | Y12: 4.598046e+11 | Z12: 4.7481214e+11 | AA12: 4.4457587e+11 | AB12: 4.1846207e+11 | AC12: 4.2589942e+11 | AD12: 4.1948544e+11 | AE12: 4.069827e+11 | AF12: 4.4060763e+11 | AG12: 4.2489619e+11 | AH12: 4.5582267e+11 | AI12: 6.4406257e+11 | AJ12: 4.7180008e+11 | AK12: 4.7381127e+11 | AL12: 4.8276426e+11 | AM12: 5.0776494e+11 | AN12: 5.560464e+11 | AO12: 6.1418609e+11 | AP12: 6.6230806e+11 | AQ12: 6.4919202e+11 | AR12: 7.1746944e+11 | AS12: 8.2018561e+11 | AT12: 8.0288111e+11 | AU12: 8.0796156e+11 | AV12: 8.9381803e+11 | AW12: 1.062737e+12 | AX12: 1.3044015e+12 | AY12: 1.5455391e+12 | AZ12: 1.7979322e+12 | BA12: 2.2630289e+12 | BB12: 1.9870534e+12 | BC12: 2.334638e+12 | BD12: 2.5559794e+12 | BE12: 2.8016976e+12 | BF12: 2.8596693e+12 | BG12: 2.9057327e+12 | BH12: 2.5541561e+12 | BI12: 2.5375367e+12 | BJ12: 2.6371115e+12 | BK12: 2.8434761e+12 | BL12: 2.8688909e+12 | BM12: 2.5333775e+12 | BN12: 2.9284555e+12 | BO12: 3.5575573e+12
A13: United Arab Emirates | B13: ARE | C13: GDP (current US$) | D13: NY.GDP.MKTP.CD | T13: 1.4720728e+10 | U13: 1.9213156e+10 | V13: 2.4871775e+10 | W13: 2.3775765e+10 | X13: 3.1225661e+10 | Y13: 4.359916e+10 | Z13: 4.9333424e+10 | AA13: 4.6622719e+10 | AB13: 4.2803323e+10 | AC13: 4.1807954e+10 | AD13: 4.060365e+10 | AE13: 3.3943612e+10 | AF13: 3.6384909e+10 | AG13: 3.6275674e+10 | AH13: 4.1464996e+10 | AI13: 5.0701444e+10 | AJ13: 5.1552166e+10 | AK13: 5.4239172e+10 | AL13: 5.562517e+10 | AM13: 5.9305094e+10 | AN13: 6.5743667e+10 | AO13: 7.3571234e+10 | AP13: 7.8839008e+10 | AQ13: 7.5674336e+10 | AR13: 8.4445473e+10 | AS13: 1.0433737e+11 | AT13: 1.0331164e+11 | AU13: 1.098162e+11 | AV13: 1.2434636e+11 | AW13: 1.4782437e+11 | AX13: 1.8061747e+11 | AY13: 2.2211654e+11 | AZ13: 2.5791613e+11 | BA13: 3.1547462e+11 | BB13: 2.5354736e+11 | BC13: 2.8978745e+11 | BD13: 3.5066606e+11 | BE13: 3.8461013e+11 | BF13: 4.0021853e+11 | BG13: 4.1410537e+11 | BH13: 3.7027547e+11 | BI13: 3.6925533e+11 | BJ13: 3.905168e+11 | BK13: 4.2704943e+11 | BL13: 4.1798972e+11 | BM13: 3.4947302e+11 | BN13: 4.1502159e+11 | BO13: 5.0753492e+11
A14: Argentina | B14: ARG | C14: GDP (current US$) | D14: NY.GDP.MKTP.CD | G14: 2.4450605e+10 | H14: 1.8272124e+10 | I14: 2.5605249e+10 | J14: 2.8344706e+10 | K14: 2.8630475e+10 | L14: 2.4256668e+10 | M14: 2.6436857e+10 | N14: 3.1256285e+10 | O14: 3.158421e+10 | P14: 3.3293199e+10 | Q14: 3.4733001e+10 | R14: 5.2544e+10 | S14: 7.2436777e+10 | T14: 5.2438648e+10 | U14: 5.11695e+10 | V14: 5.6781e+10 | W14: 8.9049453e+10 | X14: 6.9252329e+10 | Y14: 7.6961924e+10 | Z14: 7.8676842e+10 | AA14: 8.4307487e+10 | AB14: 1.0397911e+11 | AC14: 1.1691505e+11 | AD14: 8.8150892e+10 | AE14: 1.0587237e+11 | AF14: 1.0881089e+11 | AG14: 1.2689024e+11 | AH14: 7.6629729e+10 | AI14: 1.4135263e+11 | AJ14: 1.8971998e+11 | AK14: 2.2877899e+11 | AL14: 2.3674172e+11 | AM14: 257440000000 | AN14: 258031750000 | AO14: 272149750000 | AP14: 292859000000 | AQ14: 298948250000 | AR14: 283523000000 | AS14: 284203750000 | AT14: 268696750000 | AU14: 9.7724004e+10 | AV14: 1.2758697e+11 | AW14: 1.6465793e+11 | AX14: 1.987371e+11 | AY14: 2.3255726e+11 | AZ14: 2.8753051e+11 | BA14: 3.6155804e+11 | BB14: 3.3297648e+11 | BC14: 4.2362742e+11 | BD14: 5.3015818e+11 | BE14: 5.4598238e+11 | BF14: 5.5202514e+11 | BG14: 5.2631967e+11 | BH14: 5.9474929e+11 | BI14: 5.5753232e+11 | BJ14: 6.436284e+11 | BK14: 5.248199e+11 | BL14: 4.4775469e+11 | BM14: 3.8554041e+11 | BN14: 4.8722713e+11 | BO14: 6.3277028e+11
A15: Armenia | B15: ARM | C15: GDP (current US$) | D15: NY.GDP.MKTP.CD | AI15: 2.2568389e+09 | AJ15: 2.0698701e+09 | AK15: 1.2728355e+09 | AL15: 1.2013128e+09 | AM15: 1.3151586e+09 | AN15: 1.4683174e+09 | AO15: 1.5969689e+09 | AP15: 1.6394924e+09 | AQ15: 1.8937264e+09 | AR15: 1.8454822e+09 | AS15: 1.9115637e+09 | AT15: 2.1184679e+09 | AU15: 2.376335e+09 | AV15: 2.807061e+09 | AW15: 3.5766152e+09 | AX15: 4.9004695e+09 | AY15: 6.3844521e+09 | AZ15: 9.2063013e+09 | BA15: 1.1662041e+10 | BB15: 8.6479371e+09 | BC15: 9.2602858e+09 | BD15: 1.0142112e+10 | BE15: 1.0619321e+10 | BF15: 1.1121464e+10 | BG15: 1.1609513e+10 | BH15: 1.0553338e+10 | BI15: 1.0546136e+10 | BJ15: 1.1527459e+10 | BK15: 1.2457941e+10 | BL15: 1.3619291e+10 | BM15: 1.2641699e+10 | BN15: 1.386141e+10 | BO15: 1.9502784e+10
A16: American Samoa | B16: ASM | C16: GDP (current US$) | D16: NY.GDP.MKTP.CD | AU16: 512000000 | AV16: 524000000 | AW16: 509000000 | AX16: 500000000 | AY16: 493000000 | AZ16: 518000000 | BA16: 560000000 | BB16: 675000000 | BC16: 573000000 | BD16: 570000000 | BE16: 640000000 | BF16: 638000000 | BG16: 643000000 | BH16: 673000000 | BI16: 671000000 | BJ16: 612000000 | BK16: 639000000 | BL16: 647000000 | BM16: 716000000 | BN16: 709000000
A17: Antigua and Barbuda | B17: ATG | C17: GDP (current US$) | D17: NY.GDP.MKTP.CD | V17: 77496754 | W17: 87879341 | X17: 1.0907998e+08 | Y17: 1.3143103e+08 | Z17: 1.4784173e+08 | AA17: 1.6436928e+08 | AB17: 1.8214409e+08 | AC17: 2.0837285e+08 | AD17: 2.4092392e+08 | AE17: 2.9044014e+08 | AF17: 3.3717486e+08 | AG17: 3.9863773e+08 | AH17: 4.3879479e+08 | AI17: 4.5947037e+08 | AJ17: 4.8170741e+08 | AK17: 4.9928148e+08 | AL17: 5.3517407e+08 | AM17: 5.8942963e+08 | AN17: 5.7728148e+08 | AO17: 6.3372963e+08 | AP17: 6.8061852e+08 | AQ17: 7.2785926e+08 | AR17: 766200000 | AS17: 8.2637037e+08 | AT17: 8.0048148e+08 | AU17: 8.1438148e+08 | AV17: 8.563963e+08 | AW17: 9.1972963e+08 | AX17: 1.022963e+09 | AY17: 1.157663e+09 | AZ17: 1.3127593e+09 | BA17: 1.3700704e+09 | BB17: 1.2283296e+09 | BC17: 1148700000 | BD17: 1.137637e+09 | BE17: 1.1999481e+09 | BF17: 1.1814481e+09 | BG17: 1.2497333e+09 | BH17: 1.3366926e+09 | BI17: 1.4365852e+09 | BJ17: 1.4679556e+09 | BK17: 1.6047704e+09 | BL17: 1.6754037e+09 | BM17: 1.4163481e+09 | BN17: 1.5605185e+09 | BO17: 1.7576037e+09
A18: Australia | B18: AUS | C18: GDP (current US$) | D18: NY.GDP.MKTP.CD | E18: 1.8606563e+10 | F18: 1.9682883e+10 | G18: 1.9922563e+10 | H18: 2.1539843e+10 | I18: 2.3801124e+10 | J18: 2.5976164e+10 | K18: 2.7307844e+10 | L18: 3.0442725e+10 | M18: 3.2714085e+10 | N18: 3.6683366e+10 | O18: 4.1333607e+10 | P18: 4.5216647e+10 | Q18: 5.2042056e+10 | R18: 6.3832159e+10 | S18: 8.8963891e+10 | T18: 9.7304383e+10 | U18: 1.0506065e+11 | V18: 1.10351e+11 | W18: 1.1849158e+11 | X18: 1.3489833e+11 | Y18: 1.499844e+11 | Z18: 1.7689191e+11 | AA18: 1.9403729e+11 | AB18: 1.7726346e+11 | AC18: 1.9351725e+11 | AD18: 1.8063485e+11 | AE18: 1.8247202e+11 | AF18: 1.8948782e+11 | AG18: 2.3615253e+11 | AH18: 2.9987583e+11 | AI18: 3.1143063e+11 | AJ18: 3.2598164e+11 | AK18: 3.2553243e+11 | AL18: 3.1213814e+11 | AM18: 3.2280941e+11 | AN18: 3.6814078e+11 | AO18: 4.0131082e+11 | AP18: 4.3561377e+11 | AQ18: 3.9966086e+11 | AR18: 3.8938965e+11 | AS18: 4.1584497e+11 | AT18: 3.7935782e+11 | AU18: 3.9557303e+11 | AV18: 4.6749796e+11 | AW18: 6.1432636e+11 | AX18: 6.95305e+11 | AY18: 7.4790743e+11 | AZ18: 8.5442726e+11 | BA18: 1.0556861e+12 | BB18: 9.2862977e+11 | BC18: 1.1485695e+12 | BD18: 1.3984562e+12 | BE18: 1.5469527e+12 | BF18: 1.5763297e+12 | BG18: 1.4675899e+12 | BH18: 1.3505803e+12 | BI18: 1.2065629e+12 | BJ18: 1.3264675e+12 | BK18: 1.4282665e+12 | BL18: 1.3922185e+12 | BM18: 1.3269446e+12 | BN18: 1.5527032e+12 | BO18: 1.6754187e+12
A19: Austria | B19: AUT | C19: GDP (current US$) | D19: NY.GDP.MKTP.CD | E19: 6.5926938e+09 | F19: 7.3117496e+09 | G19: 7.7561102e+09 | H19: 8.3741753e+09 | I19: 9.1699839e+09 | J19: 9.9940706e+09 | K19: 1.0887682e+10 | L19: 1.1579432e+10 | M19: 1.2440625e+10 | N19: 1.3582799e+10 | O19: 1.5373006e+10 | P19: 1.7858486e+10 | Q19: 2.2059612e+10 | R19: 2.9515468e+10 | S19: 3.51893e+10 | T19: 4.0059207e+10 | U19: 4.2959976e+10 | V19: 5.1545759e+10 | W19: 6.2052259e+10 | X19: 7.3937297e+10 | Y19: 8.2058913e+10 | Z19: 7.1034228e+10 | AA19: 7.1275288e+10 | AB19: 7.2121017e+10 | AC19: 6.7985345e+10 | AD19: 6.9386774e+10 | AE19: 9.9036165e+10 | AF19: 1.2416844e+11 | AG19: 1.333394e+11 | AH19: 1.3310581e+11 | AI19: 1.6646339e+11 | AJ19: 1.7379418e+11 | AK19: 1.9507813e+11 | AL19: 1.9037972e+11 | AM19: 2.0353524e+11 | AN19: 2.4103828e+11 | AO19: 2.3725095e+11 | AP19: 2.1279035e+11 | AQ19: 2.182599e+11 | AR19: 2.1725915e+11 | AS19: 1.9728963e+11 | AT19: 1.9750877e+11 | AU19: 2.1439487e+11 | AV19: 2.6227363e+11 | AW19: 3.0145756e+11 | AX19: 3.1609227e+11 | AY19: 3.3628006e+11 | AZ19: 3.8918557e+11 | BA19: 4.3205194e+11 | BB19: 4.0175874e+11 | BC19: 3.9227511e+11 | BD19: 4.3168522e+11 | BE19: 4.0940182e+11 | BF19: 4.3019098e+11 | BG19: 4.4258482e+11 | BH19: 3.8197115e+11 | BI19: 3.9583735e+11 | BJ19: 4.1726115e+11 | BK19: 4.5499117e+11 | BL19: 4.4462118e+11 | BM19: 4.3522524e+11 | BN19: 4.803684e+11 | BO19: 4.7140007e+11
A20: Azerbaijan | B20: AZE | C20: GDP (current US$) | D20: NY.GDP.MKTP.CD | AI20: 8.858006e+09 | AJ20: 5344000000 | AK20: 4.4465867e+08 | AL20: 1.5703926e+09 | AM20: 1.1931411e+09 | AN20: 2.4173326e+09 | AO20: 3.176508e+09 | AP20: 3.9623624e+09 | AQ20: 4.4463704e+09 | AR20: 4.5812467e+09 | AS20: 5.2726172e+09 | AT20: 5.7076182e+09 | AU20: 6.2360867e+09 | AV20: 7.2764131e+09 | AW20: 8.6804102e+09 | AX20: 1.3245422e+10 | AY20: 2.0981929e+10 | AZ20: 3.3049427e+10 | BA20: 4.8851319e+10 | BB20: 4.4292409e+10 | BC20: 5.2909295e+10 | BD20: 6.5952764e+10 | BE20: 6.9679914e+10 | BF20: 7.4160553e+10 | BG20: 7.5239737e+10 | BH20: 5.3076245e+10 | BI20: 3.7867007e+10 | BJ20: 4.0866632e+10 | BK20: 4.7112479e+10 | BL20: 4.8174235e+10 | BM20: 42693000000 | BN20: 5.4825412e+10 | BO20: 7.8721059e+10
A21: Burundi | B21: BDI | C21: GDP (current US$) | D21: NY.GDP.MKTP.CD | E21: 1.9599999e+08 | F21: 2.0299999e+08 | G21: 2.1350001e+08 | H21: 2.3275e+08 | I21: 2.6075001e+08 | J21: 1.5899496e+08 | K21: 1.6544457e+08 | L21: 1.7829714e+08 | M21: 1.832e+08 | N21: 1.9020571e+08 | O21: 2.4273257e+08 | P21: 2.5284229e+08 | Q21: 2.4680457e+08 | R21: 3.0433984e+08 | S21: 3.4526349e+08 | T21: 4.2098667e+08 | U21: 4.4841275e+08 | V21: 5.4753556e+08 | W21: 6.1022556e+08 | X21: 7.8249667e+08 | Y21: 9.1972667e+08 | Z21: 9.6904667e+08 | AA21: 1.0132222e+09 | AB21: 1.0829263e+09 | AC21: 9.8714393e+08 | AD21: 1.1499793e+09 | AE21: 1.2017255e+09 | AF21: 1.1314665e+09 | AG21: 1.0824032e+09 | AH21: 1.1139241e+09 | AI21: 1.1321013e+09 | AJ21: 1.1673985e+09 | AK21: 1.0830377e+09 | AL21: 9.3863261e+08 | AM21: 9.2503059e+08 | AN21: 1.0004284e+09 | AO21: 8.6903386e+08 | AP21: 9.7289627e+08 | AQ21: 8.9377074e+08 | AR21: 8.0807722e+08 | AS21: 8.7048607e+08 | AT21: 8.7679472e+08 | AU21: 8.2539452e+08 | AV21: 7.8465442e+08 | AW21: 9.1525732e+08 | AX21: 1.1171131e+09 | AY21: 1.2733751e+09 | AZ21: 1.3561994e+09 | BA21: 1.6118359e+09 | BB21: 1.7814551e+09 | BC21: 2.0321352e+09 | BD21: 2.2358208e+09 | BE21: 2.3333413e+09 | BF21: 2.4516066e+09 | BG21: 2.7057833e+09 | BH21: 3.1040035e+09 | BI21: 2.6444878e+09 | BJ21: 2.723587e+09 | BK21: 2.6671822e+09 | BL21: 2.5765189e+09 | BM21: 2.6496803e+09 | BN21: 2.7757987e+09 | BO21: 3.0734147e+09
A22: Belgium | B22: BEL | C22: GDP (current US$) | D22: NY.GDP.MKTP.CD | E22: 1.1658723e+10 | F22: 1.2400145e+10 | G22: 1.3264016e+10 | H22: 1.4260017e+10 | I22: 1.5960107e+10 | J22: 1.7371458e+10 | K22: 1.8651883e+10 | L22: 1.9992041e+10 | M22: 2.1376353e+10 | N22: 2.3710736e+10 | O22: 2.6706196e+10 | P22: 2.9821662e+10 | Q22: 3.7209418e+10 | R22: 4.7743801e+10 | S22: 5.6033078e+10 | T22: 6.5678189e+10 | U22: 7.1113883e+10 | V22: 8.2839905e+10 | W22: 1.0124653e+11 | X22: 1.1631546e+11 | Y22: 1.2682931e+11 | Z22: 1.0473002e+11 | AA22: 9.2095926e+10 | AB22: 8.7184239e+10 | AC22: 8.334953e+10 | AD22: 8.6268264e+10 | AE22: 1.2001879e+11 | AF22: 1.493944e+11 | AG22: 1.622991e+11 | AH22: 1.6422106e+11 | AI22: 2.0533175e+11 | AJ22: 2.10511e+11 | AK22: 2.3478165e+11 | AL22: 2.247218e+11 | AM22: 2.4488413e+11 | AN22: 2.8802559e+11 | AO22: 2.7920143e+11 | AP22: 2.5270805e+11 | AQ22: 2.5852834e+11 | AR22: 2.5824573e+11 | AS22: 2.3679246e+11 | AT22: 2.3674614e+11 | AU22: 2.583836e+11 | AV22: 3.1808253e+11 | AW22: 3.6921471e+11 | AX22: 3.8571476e+11 | AY22: 4.0825984e+11 | AZ22: 4.7092216e+11 | BA22: 5.1732809e+11 | BB22: 4.8325417e+11 | BC22: 4.8142088e+11 | BD22: 5.2333035e+11 | BE22: 4.9615288e+11 | BF22: 5.2179102e+11 | BG22: 5.353902e+11 | BH22: 4.6233557e+11 | BI22: 4.7606276e+11 | BJ22: 5.0276472e+11 | BK22: 5.4329907e+11 | BL22: 5.3586569e+11 | BM22: 5.2521307e+11 | BN22: 5.9435196e+11 | BO22: 5.786041e+11
A23: Benin | B23: BEN | C23: GDP (current US$) | D23: NY.GDP.MKTP.CD | E23: 2.2619558e+08 | F23: 2.3566822e+08 | G23: 2.3643495e+08 | H23: 2.539277e+08 | I23: 2.6981901e+08 | J23: 2.8990868e+08 | K23: 3.0292524e+08 | L23: 3.0622195e+08 | M23: 3.2632311e+08 | N23: 3.3074824e+08 | O23: 3.3362771e+08 | P23: 3.3507303e+08 | Q23: 4.1033186e+08 | R23: 5.0437607e+08 | S23: 5.5465486e+08 | T23: 6.7687014e+08 | U23: 6.9840826e+08 | V23: 7.5004978e+08 | W23: 9.2884347e+08 | X23: 1.186231e+09 | Y23: 1.4052518e+09 | Z23: 1.2911202e+09 | AA23: 1.2677787e+09 | AB23: 1.0953482e+09 | AC23: 1.051134e+09 | AD23: 1.0457128e+09 | AE23: 1.336102e+09 | AF23: 1.5624122e+09 | AG23: 1.6202461e+09 | AH23: 1.5022944e+09 | AI23: 1.9599653e+09 | AJ23: 1.9864378e+09 | AK23: 1.6953153e+09 | AL23: 2.2745581e+09 | AM23: 1.5980759e+09 | AN23: 2.1696271e+09 | AO23: 2.3611164e+09 | AP23: 2.2683016e+09 | AQ23: 2.4550927e+09 | AR23: 3.677394e+09 | AS23: 3.5199914e+09 | AT23: 3.6662226e+09 | AU23: 4.1943427e+09 | AV23: 5.3492581e+09 | AW23: 6.1902704e+09 | AX23: 6.567655e+09 | AY23: 7.0341113e+09 | AZ23: 8.1690484e+09 | BA23: 9.7877345e+09 | BB23: 9.7386265e+09 | BC23: 9.535345e+09 | BD23: 1.0693321e+10 | BE23: 1.1141358e+10 | BF23: 1.2517845e+10 | BG23: 1.3284528e+10 | BH23: 1.1388161e+10 | BI23: 1.1821066e+10 | BJ23: 1.2701656e+10 | BK23: 1.4262408e+10 | BL23: 1.4391686e+10 | BM23: 1.5651545e+10 | BN23: 1.7690084e+10 | BO23: 1.7401746e+10
A24: Burkina Faso | B24: BFA | C24: GDP (current US$) | D24: NY.GDP.MKTP.CD | E24: 3.3044282e+08 | F24: 3.5024723e+08 | G24: 3.795671e+08 | H24: 3.9404067e+08 | I24: 4.1032164e+08 | J24: 4.2291679e+08 | K24: 4.3388977e+08 | L24: 4.5075392e+08 | M24: 4.6044269e+08 | N24: 4.7829864e+08 | O24: 4.5840427e+08 | P24: 4.8241118e+08 | Q24: 5.7859552e+08 | R24: 6.7477357e+08 | S24: 7.5113343e+08 | T24: 9.399727e+08 | U24: 9.7654719e+08 | V24: 1.1312249e+09 | W24: 1.4755836e+09 | X24: 1.7484806e+09 | Y24: 1.9287199e+09 | Z24: 1.7758423e+09 | AA24: 1.7544501e+09 | AB24: 1.6002786e+09 | AC24: 1.4598801e+09 | AD24: 1.5524932e+09 | AE24: 2.0363034e+09 | AF24: 2.3698349e+09 | AG24: 2.6160405e+09 | AH24: 2.6155877e+09 | AI24: 3.1013008e+09 | AJ24: 3.1350456e+09 | AK24: 3.3566925e+09 | AL24: 3.1995365e+09 | AM24: 1.8952906e+09 | AN24: 2.379518e+09 | AO24: 2.5865506e+09 | AP24: 2.4476691e+09 | AQ24: 2.8049024e+09 | AR24: 3.3895667e+09 | AS24: 2.9683701e+09 | AT24: 3.1903711e+09 | AU24: 3.6223501e+09 | AV24: 4.7407681e+09 | AW24: 5.4516885e+09 | AX24: 6.1463532e+09 | AY24: 6.5474198e+09 | AZ24: 7.6257228e+09 | BA24: 9.4514355e+09 | BB24: 9.4506969e+09 | BC24: 1.010962e+10 | BD24: 1.2080296e+10 | BE24: 1.2561015e+10 | BF24: 1.34443e+10 | BG24: 1.3943016e+10 | BH24: 1.1832159e+10 | BI24: 1.2833363e+10 | BJ24: 1.4106956e+10 | BK24: 1.5890066e+10 | BL24: 1.6178162e+10 | BM24: 1.7933606e+10 | BN24: 1.9737616e+10 | BO24: 1.888462e+10
A25: Bangladesh | B25: BGD | C25: GDP (current US$) | D25: NY.GDP.MKTP.CD | E25: 4.2748939e+09 | F25: 4.8175802e+09 | G25: 5.0814133e+09 | H25: 5.3194584e+09 | I25: 5.3860546e+09 | J25: 5.9066366e+09 | K25: 6.4396876e+09 | L25: 7.2535754e+09 | M25: 7.4836855e+09 | N25: 8.4710061e+09 | O25: 8.9927218e+09 | P25: 8.7518428e+09 | Q25: 6.2882459e+09 | R25: 8.0867257e+09 | S25: 1.2512461e+10 | T25: 1.9448348e+10 | U25: 1.0117113e+10 | V25: 9.6511493e+09 | W25: 1.3281767e+10 | X25: 1.556548e+10 | Y25: 1.8138049e+10 | Z25: 2.0249694e+10 | AA25: 1.8525399e+10 | AB25: 1.7609049e+10 | AC25: 18920840000 | AD25: 2.2278423e+10 | AE25: 2.1774033e+10 | AF25: 2.4298032e+10 | AG25: 2.6579006e+10 | AH25: 2.8781715e+10 | AI25: 3.1598341e+10 | AJ25: 3.0957484e+10 | AK25: 3.1708875e+10 | AL25: 3.3166519e+10 | AM25: 3.3768661e+10 | AN25: 3.7939749e+10 | AO25: 4.6438484e+10 | AP25: 4.8244309e+10 | AQ25: 4.9984559e+10 | AR25: 5.127057e+10 | AS25: 5.3369787e+10 | AT25: 5.399129e+10 | AU25: 5.4724081e+10 | AV25: 6.0158929e+10 | AW25: 6.5108544e+10 | AX25: 6.9442943e+10 | AY25: 7.1819084e+10 | AZ25: 7.9611888e+10 | BA25: 9.1631278e+10 | BB25: 1.0247778e+11 | BC25: 1.1527908e+11 | BD25: 1.2863798e+11 | BE25: 1.3335582e+11 | BF25: 1.4999053e+11 | BG25: 1.7288543e+11 | BH25: 1.9507857e+11 | BI25: 2.6523639e+11 | BJ25: 2.9375477e+11 | BK25: 3.2137916e+11 | BL25: 3.512384e+11 | BM25: 3.739022e+11 | BN25: 4.162648e+11 | BO25: 4.60201e+11
A26: Bulgaria | B26: BGR | C26: GDP (current US$) | D26: NY.GDP.MKTP.CD | Y26: 1.9839231e+10 | Z26: 19870000000 | AA26: 19342000000 | AB26: 1.6563667e+10 | AC26: 1.7594944e+10 | AD26: 1.7155421e+10 | AE26: 2.0249294e+10 | AF26: 28101000000 | AG26: 2.2555941e+10 | AH26: 2.1988444e+10 | AI26: 2.0632091e+10 | AJ26: 1.0943548e+10 | AK26: 1.0350515e+10 | AL26: 1.0832229e+10 | AM26: 9.697417e+09 | AN26: 1.8991532e+10 | AO26: 1.2294988e+10 | AP26: 1.1316126e+10 | AQ26: 1.5031052e+10 | AR26: 1.3627325e+10 | AS26: 1.324599e+10 | AT26: 1.4183444e+10 | AU26: 1.6403044e+10 | AV26: 2.1144962e+10 | AW26: 2.6157745e+10 | AX26: 2.9868652e+10 | AY26: 3.4380544e+10 | AZ26: 4.4432812e+10 | BA26: 5.4480698e+10 | BB26: 5.2023814e+10 | BC26: 5.0754204e+10 | BD26: 5.773571e+10 | BE26: 5.4290156e+10 | BF26: 5.5844245e+10 | BG26: 5.7159558e+10 | BH26: 5.0828089e+10 | BI26: 5.3987487e+10 | BJ26: 5.9343061e+10 | BK26: 6.6399602e+10 | BL26: 6.8911931e+10 | BM26: 7.0404359e+10 | BN26: 8.4061396e+10 | BO26: 8.9040398e+10
A27: Bahrain | B27: BHR | C27: GDP (current US$) | D27: NY.GDP.MKTP.CD | Y27: 3.0726983e+09 | Z27: 3.4678192e+09 | AA27: 3.6457447e+09 | AB27: 3.7351064e+09 | AC27: 3.9055851e+09 | AD27: 3.6518617e+09 | AE27: 3.0523936e+09 | AF27: 3.392021e+09 | AG27: 3.7023936e+09 | AH27: 3.8635638e+09 | AI27: 4.2297872e+09 | AJ27: 4.6162234e+09 | AK27: 4.7510638e+09 | AL27: 5.2002661e+09 | AM27: 5.567554e+09 | AN27: 5.8494683e+09 | AO27: 6.101862e+09 | AP27: 6.349203e+09 | AQ27: 6.1837772e+09 | AR27: 6.6210107e+09 | AS27: 9.0628989e+09 | AT27: 8.9761968e+09 | AU27: 9.5935106e+09 | AV27: 1.1074814e+10 | AW27: 1.315016e+10 | AX27: 1.5968723e+10 | AY27: 1.8504761e+10 | AZ27: 21730000000 | BA27: 2.5710904e+10 | BB27: 2.2938218e+10 | BC27: 2.5713271e+10 | BD27: 2.8776596e+10 | BE27: 3.0749309e+10 | BF27: 3.2539468e+10 | BG27: 3.3387713e+10 | BH27: 3.1050638e+10 | BI27: 3.2234973e+10 | BJ27: 3.5473777e+10 | BK27: 3.7802005e+10 | BL27: 3.8653318e+10 | BM27: 3.4621808e+10 | BN27: 3.9303404e+10 | BO27: 4.439082e+10
A28: Bahamas, The | B28: BHS | C28: GDP (current US$) | D28: NY.GDP.MKTP.CD | E28: 1.6980392e+08 | F28: 1.9009804e+08 | G28: 2.122549e+08 | H28: 2.377451e+08 | I28: 2.6666667e+08 | J28: 3.0039216e+08 | K28: 340000000 | L28: 3.9019608e+08 | M28: 4.4490196e+08 | N28: 5.2813725e+08 | O28: 5.3842315e+08 | P28: 573400000 | Q28: 590900000 | R28: 670900000 | S28: 632400000 | T28: 596200000 | U28: 642100000 | V28: 713000000 | W28: 832400000 | X28: 1139800100 | Y28: 1335300000 | Z28: 1426500000 | AA28: 1578300000 | AB28: 1732800000 | AC28: 2041100000 | AD28: 2320699900 | AE28: 2472500000 | AF28: 2713999900 | AG28: 2817900000 | AH28: 3062000000 | AI28: 3166000000 | AJ28: 3111160000 | AK28: 3109000000 | AL28: 3092000000 | AM28: 3259000000 | AN28: 3429000000 | AO28: 3609000000 | AP28: 6332360000 | AQ28: 6833220000 | AR28: 7683870000 | AS28: 8076470000 | AT28: 8317830000 | AU28: 8881160000 | AV28: 8870090000 | AW28: 9055290000 | AX28: 9836200000 | AY28: 10167250000 | AZ28: 10618340000 | BA28: 10526000000 | BB28: 9981960000 | BC28: 10095760000 | BD28: 10070450000 | BE28: 10720500000 | BF28: 10562800000 | BG28: 11176100000 | BH28: 11672900000 | BI28: 11750800000 | BJ28: 12253500000 | BK28: 12653600000 | BL28: 13058700000 | BM28: 9754600000 | BN28: 11527600000 | BO28: 12897400000
A29: Bosnia and Herzegovina | B29: BIH | C29: GDP (current US$) | D29: NY.GDP.MKTP.CD | AM29: 1.2558025e+09 | AN29: 1.866573e+09 | AO29: 2.7860453e+09 | AP29: 3.67191e+09 | AQ29: 4.1167753e+09 | AR29: 4.6862554e+09 | AS29: 5.567774e+09 | AT29: 5.8006166e+09 | AU29: 6.7282195e+09 | AV29: 8.4988934e+09 | AW29: 1.0156541e+10 | AX29: 1.1222796e+10 | AY29: 1.2864842e+10 | AZ29: 1.5778737e+10 | BA29: 1.9112801e+10 | BB29: 1.7613946e+10 | BC29: 1.7176321e+10 | BD29: 1.8644239e+10 | BE29: 1.7226736e+10 | BF29: 1.8179105e+10 | BG29: 1.8558731e+10 | BH29: 1.6404352e+10 | BI29: 1.7116926e+10 | BJ29: 1.8326376e+10 | BK29: 2.0484048e+10 | BL29: 2.0482603e+10 | BM29: 2.0226031e+10 | BN29: 2.3649566e+10 | BO29: 2.4527507e+10
A30: Belarus | B30: BLR | C30: GDP (current US$) | D30: NY.GDP.MKTP.CD | AI30: 21650000000 | AJ30: 18000000000 | AK30: 1.7037037e+10 | AL30: 1.6280992e+10 | AM30: 1.4932024e+10 | AN30: 1.3972677e+10 | AO30: 1.4756846e+10 | AP30: 1.4128409e+10 | AQ30: 1.5222013e+10 | AR30: 1.2138487e+10 | AS30: 1.2736857e+10 | AT30: 1.235482e+10 | AU30: 1.4594928e+10 | AV30: 1.7825437e+10 | AW30: 2.3141593e+10 | AX30: 3.0210092e+10 | AY30: 3.6961822e+10 | AZ30: 4.5275747e+10 | BA30: 6.0752177e+10 | BB30: 5.0873182e+10 | BC30: 5.7231905e+10 | BD30: 6.1762341e+10 | BE30: 6.5685904e+10 | BF30: 7.5527538e+10 | BG30: 7.8812786e+10 | BH30: 5.6454895e+10 | BI30: 4.7723549e+10 | BJ30: 5.4725312e+10 | BK30: 6.0031164e+10 | BL30: 6.4410113e+10 | BM30: 6.1371755e+10 | BN30: 6.9673747e+10 | BO30: 7.2793458e+10
A31: Belize | B31: BLZ | C31: GDP (current US$) | D31: NY.GDP.MKTP.CD | E31: 28072478 | F31: 29965000 | G31: 31857592 | H31: 33750114 | I31: 36194586 | J31: 40110040 | K31: 44450044 | L31: 47431267 | M31: 44999910 | N31: 47399905 | O31: 53339893 | P31: 59074683 | Q31: 65998076 | R31: 78214778 | S31: 1.0316046e+08 | T31: 1.1819405e+08 | U31: 97094221 | V31: 117650000 | W31: 136300000 | X31: 151800000 | Y31: 1.9793822e+08 | Z31: 1.9608985e+08 | AA31: 1.8220633e+08 | AB31: 1.9210319e+08 | AC31: 2.1438195e+08 | AD31: 2.1264374e+08 | AE31: 2.3163832e+08 | AF31: 2.8108256e+08 | AG31: 3.2009336e+08 | AH31: 3.6913389e+08 | AI31: 549500000 | AJ31: 599000000 | AK31: 693500000 | AL31: 751000000 | AM31: 771500000 | AN31: 818500000 | AO31: 851500000 | AP31: 868000000 | AQ31: 914000000 | AR31: 975000000 | AS31: 1116000000 | AT31: 1163000000 | AU31: 1233000000 | AV31: 1298000000 | AW31: 1389500000 | AX31: 1461500000 | AY31: 1581000000 | AZ31: 1696000000 | BA31: 1729000000 | BB31: 1680500000 | BC31: 1738500000 | BD31: 1819500000 | BE31: 1903000000 | BF31: 2029500000 | BG31: 2138000000 | BH31: 2210500000 | BI31: 2258500000 | BJ31: 2286000000 | BK31: 2315000000 | BL31: 2416500000 | BM31: 2080000000 | BN31: 2491500000 | BO31: 2.8240818e+09
A32: Bermuda | B32: BMU | C32: GDP (current US$) | D32: NY.GDP.MKTP.CD | E32: 84466654 | F32: 89249987 | G32: 94149986 | H32: 96366652 | I32: 1.0756665e+08 | J32: 1.1433905e+08 | K32: 1.3417337e+08 | L32: 1.5510298e+08 | M32: 150000000 | N32: 164900000 | O32: 186300000 | P32: 211100000 | Q32: 235400000 | R32: 269500000 | S32: 312600000 | T32: 345000000 | U32: 386300000 | V32: 447000000 | W32: 475800000 | X32: 517200000 | Y32: 613299968 | Z32: 739100032 | AA32: 785500032 | AB32: 889400000 | AC32: 985699968 | AD32: 1039500032 | AE32: 1173500032 | AF32: 1296499968 | AG32: 1415100032 | AH32: 1501500032 | AI32: 1592400000 | AJ32: 1634900000 | AK32: 1679900000 | AL32: 1820359900 | AM32: 1867160100 | AN32: 2030750000 | AO32: 2695390000 | AP32: 2932827000 | AQ32: 3130748000 | AR32: 3324433000 | AS32: 3480219000 | AT32: 3680483000 | AU32: 3937228000 | AV32: 4186525000 | AW32: 4484703000 | AX32: 4868136000 | AY32: 6144000000 | AZ32: 6767000000 | BA32: 6980000000 | BB32: 6656000000 | BC32: 6634526000 | BD32: 6312691000 | BE32: 6378188000 | BF32: 6465756000 | BG32: 6413988000 | BH32: 6654541000 | BI32: 6899911000 | BJ32: 7142316000 | BK32: 7225977000 | BL32: 7423465000 | BM32: 6887147000 | BN32: 7127200000 | BO32: 7550500000
A33: Bolivia | B33: BOL | C33: GDP (current US$) | D33: NY.GDP.MKTP.CD | E33: 3.770202e+08 | F33: 4.1010101e+08 | G33: 4.4840067e+08 | H33: 4.8282828e+08 | I33: 5.4402357e+08 | J33: 6.043771e+08 | K33: 6.6919192e+08 | L33: 7.5580808e+08 | M33: 8.5791246e+08 | N33: 9.2962963e+08 | O33: 1.0170034e+09 | P33: 1.0956229e+09 | Q33: 1.2576156e+09 | R33: 1.2629685e+09 | S33: 2.1002499e+09 | T33: 2.4046977e+09 | U33: 2.731984e+09 | V33: 3.2274363e+09 | W33: 3.7582209e+09 | X33: 4.4213364e+09 | Y33: 4.5374878e+09 | Z33: 5.8916067e+09 | AA33: 5.5941213e+09 | AB33: 5.4226563e+09 | AC33: 6.1694832e+09 | AD33: 5.3772766e+09 | AE33: 3.9593828e+09 | AF33: 4.3479563e+09 | AG33: 4.5976124e+09 | AH33: 4.7159729e+09 | AI33: 4.8675826e+09 | AJ33: 5.343262e+09 | AK33: 5.6438692e+09 | AL33: 5.734699e+09 | AM33: 5.9812233e+09 | AN33: 6.7151622e+09 | AO33: 7.3969484e+09 | AP33: 7.9257363e+09 | AQ33: 8.4974941e+09 | AR33: 8.285064e+09 | AS33: 8.3978559e+09 | AT33: 8.1415173e+09 | AU33: 7.9054851e+09 | AV33: 8.0824e+09 | AW33: 8.7734518e+09 | AX33: 9.5491223e+09 | AY33: 1.1451845e+10 | AZ33: 1.3120108e+10 | BA33: 1.6674277e+10 | BB33: 1.7339992e+10 | BC33: 1.9649725e+10 | BD33: 2.3963163e+10 | BE33: 2.7084497e+10 | BF33: 3.0659339e+10 | BG33: 3.2996188e+10 | BH33: 3.3000198e+10 | BI33: 3.3941126e+10 | BJ33: 3.7508642e+10 | BK33: 4.0287648e+10 | BL33: 4.0895323e+10 | BM33: 3.6629844e+10 | BN33: 4.0408209e+10 | BO33: 4.3068886e+10
A34: Brazil | B34: BRA | C34: GDP (current US$) | D34: NY.GDP.MKTP.CD | E34: 1.7030466e+10 | F34: 1.727594e+10 | G34: 1.9231748e+10 | H34: 2.3287713e+10 | I34: 2.0963734e+10 | J34: 2.2465523e+10 | K34: 2.8283324e+10 | L34: 3.1086389e+10 | M34: 3.3930457e+10 | N34: 3.7171641e+10 | O34: 4.2327665e+10 | P34: 4.8869831e+10 | Q34: 5.8434858e+10 | R34: 8.3592276e+10 | S34: 1.0979452e+11 | T34: 1.2920356e+11 | U34: 1.5316895e+11 | V34: 1.763441e+11 | W34: 2.0027865e+11 | X34: 2.213382e+11 | Y34: 2.3739349e+11 | Z34: 2.5801517e+11 | AA34: 2.7131411e+11 | AB34: 1.8965651e+11 | AC34: 1.8833997e+11 | AD34: 2.1087984e+11 | AE34: 2.5648085e+11 | AF34: 2.8305684e+11 | AG34: 3.0788193e+11 | AH34: 4.1299082e+11 | AI34: 4.649891e+11 | AJ34: 4.0772905e+11 | AK34: 3.9056656e+11 | AL34: 4.382995e+11 | AM34: 5.4622975e+11 | AN34: 7.6933333e+11 | AO34: 8.5042643e+11 | AP34: 8.8320645e+11 | AQ34: 8.6371101e+11 | AR34: 5.9964208e+11 | AS34: 6.5544819e+11 | AT34: 5.599837e+11 | AU34: 5.0979527e+11 | AV34: 5.5823372e+11 | AW34: 6.6928932e+11 | AX34: 8.9163383e+11 | AY34: 1.1076267e+12 | AZ34: 1.3971142e+12 | BA34: 1.6958554e+12 | BB34: 1.6669963e+12 | BC34: 2.2088381e+12 | BD34: 2.6161566e+12 | BE34: 2.4652283e+12 | BF34: 2472819362259 | BG34: 2.4560438e+12 | BH34: 1.802212e+12 | BI34: 1.7956933e+12 | BJ34: 2.0635147e+12 | BK34: 1.9169337e+12 | BL34: 1.8732882e+12 | BM34: 1.4761073e+12 | BN34: 1.649623e+12 | BO34: 1.9200956e+12
A35: Barbados | B35: BRB | C35: GDP (current US$) | D35: NY.GDP.MKTP.CD | S35: 3.1180464e+08 | T35: 4.0217861e+08 | U35: 4.3591127e+08 | V35: 4.9509767e+08 | W35: 5.5288371e+08 | X35: 6.7036245e+08 | Y35: 1.0122806e+09 | Z35: 1.1142047e+09 | AA35: 1.1639238e+09 | AB35: 1.2360165e+09 | AC35: 1.3468901e+09 | AD35: 1.4095361e+09 | AE35: 1.5477552e+09 | AF35: 1.7043703e+09 | AG35: 1.8127579e+09 | AH35: 2.0061652e+09 | AI35: 2.0121315e+09 | AJ35: 2.0205837e+09 | AK35: 1957000000 | AL35: 2.0633421e+09 | AM35: 2.1513449e+09 | AN35: 2.2169741e+09 | AO35: 2.3636454e+09 | AP35: 2.4983841e+09 | AQ35: 2.8170835e+09 | AR35: 2.9518222e+09 | AS35: 3059500000 | AT35: 3054500000 | AU35: 3106500000 | AV35: 3209500000 | AW35: 3444500000 | AX35: 3819500000 | AY35: 4217450800 | AZ35: 4674007450 | BA35: 4784925100 | BB35: 4465657300 | BC35: 4529928300 | BD35: 4657699450 | BE35: 4610096000 | BF35: 4677248300 | BG35: 4696344350 | BH35: 4724691200 | BI35: 4832811750 | BJ35: 4981588900 | BK35: 5097283200 | BL35: 5324250000 | BM35: 4671800000 | BN35: 4843800000 | BO35: 5.6379145e+09
A36: Brunei Darussalam | B36: BRN | C36: GDP (current US$) | D36: NY.GDP.MKTP.CD | J36: 1.140395e+08 | K36: 1.3275753e+08 | L36: 1.3902954e+08 | M36: 1.6081824e+08 | N36: 1.6121024e+08 | O36: 1.7907893e+08 | P36: 1.9752574e+08 | Q36: 2.7082279e+08 | R36: 4.3309559e+08 | S36: 1.0735918e+09 | T36: 1.1683043e+09 | U36: 1.4230374e+09 | V36: 1.7327212e+09 | W36: 1.9415794e+09 | X36: 2.8038337e+09 | Y36: 4.9288058e+09 | Z36: 4.3662311e+09 | AA36: 4.2642025e+09 | AB36: 3.8446322e+09 | AC36: 3.7825526e+09 | AD36: 3.5235325e+09 | AE36: 2.3585748e+09 | AF36: 2.7544852e+09 | AG36: 2.6906841e+09 | AH36: 2.9855318e+09 | AI36: 3.520487e+09 | AJ36: 3.7017742e+09 | AK36: 4.1836338e+09 | AL36: 4.1057294e+09 | AM36: 4.0872198e+09 | AN36: 4.7341035e+09 | AO36: 5.1154547e+09 | AP36: 5.1973126e+09 | AQ36: 4.0511432e+09 | AR36: 4.6001176e+09 | AS36: 6.0012809e+09 | AT36: 5.6010202e+09 | AU36: 5.8433672e+09 | AV36: 6.5573958e+09 | AW36: 7.8722013e+09 | AX36: 9.5314172e+09 | AY36: 1.1470462e+10 | AZ36: 1.2247681e+10 | BA36: 1.4393438e+10 | BB36: 1.0732593e+10 | BC36: 1.3707275e+10 | BD36: 1.8525128e+10 | BE36: 1.9048443e+10 | BF36: 1.8094326e+10 | BG36: 1.7097801e+10 | BH36: 1.2930293e+10 | BI36: 1.1400467e+10 | BJ36: 1.2128182e+10 | BK36: 1.3567164e+10 | BL36: 1.346924e+10 | BM36: 1.2005796e+10 | BN36: 1.4006497e+10 | BO36: 1.6681532e+10
A37: Bhutan | B37: BTN | C37: GDP (current US$) | D37: NY.GDP.MKTP.CD | Y37: 1.2866921e+08 | Z37: 1.3917418e+08 | AA37: 1.4143932e+08 | AB37: 1.5670429e+08 | AC37: 1.6042349e+08 | AD37: 1.6328882e+08 | AE37: 1.9121811e+08 | AF37: 2.4274277e+08 | AG37: 2.7229806e+08 | AH37: 2.6479863e+08 | AI37: 2.8776501e+08 | AJ37: 2.4029428e+08 | AK37: 2.4023353e+08 | AL37: 2.259737e+08 | AM37: 2.589547e+08 | AN37: 2.9049099e+08 | AO37: 3.0340834e+08 | AP37: 3.5222908e+08 | AQ37: 3.6345838e+08 | AR37: 3.993112e+08 | AS37: 4.2444893e+08 | AT37: 4.6147958e+08 | AU37: 5.2084613e+08 | AV37: 6.0399937e+08 | AW37: 6.8257707e+08 | AX37: 7.9693857e+08 | AY37: 8.7498973e+08 | AZ37: 1.1683076e+09 | BA37: 1.2278093e+09 | BB37: 1.2340151e+09 | BC37: 1.5479909e+09 | BD37: 1.7771026e+09 | BE37: 1.7812802e+09 | BF37: 1.7562143e+09 | BG37: 1.9070904e+09 | BH37: 2.0035968e+09 | BI37: 2.1589717e+09 | BJ37: 2.4503661e+09 | BK37: 2.4468676e+09 | BL37: 2.5356556e+09 | BM37: 2.3251855e+09 | BN37: 2.5395513e+09
A38: Botswana | B38: BWA | C38: GDP (current US$) | D38: NY.GDP.MKTP.CD | E38: 30411419 | F38: 32902593 | G38: 35644932 | H38: 38091833 | I38: 41616368 | J38: 45788671 | K38: 51465624 | L38: 58642385 | M38: 66248427 | N38: 77361533 | O38: 96243298 | P38: 1.2744866e+08 | Q38: 1.6446083e+08 | R38: 2.4412412e+08 | S38: 3.0604421e+08 | T38: 3.5516872e+08 | U38: 3.7202509e+08 | V38: 4.5162496e+08 | W38: 5.9040738e+08 | X38: 8.198706e+08 | Y38: 1.0608897e+09 | Z38: 1.0738124e+09 | AA38: 1.0149459e+09 | AB38: 1.1722306e+09 | AC38: 1.2408218e+09 | AD38: 1.1147835e+09 | AE38: 1.392602e+09 | AF38: 1.9652271e+09 | AG38: 2.6445549e+09 | AH38: 3.0838224e+09 | AI38: 3.7906367e+09 | AJ38: 3.9428774e+09 | AK38: 4.1464646e+09 | AL38: 4.1601292e+09 | AM38: 4.2592588e+09 | AN38: 4.7305997e+09 | AO38: 4.8477577e+09 | AP38: 5.0202652e+09 | AQ38: 4.7904815e+09 | AR38: 5.4842631e+09 | AS38: 5.7883296e+09 | AT38: 5.4896083e+09 | AU38: 5.4388643e+09 | AV38: 7.5115822e+09 | AW38: 8.9574677e+09 | AX38: 9.9189071e+09 | AY38: 9.9191585e+09 | AZ38: 1.0567271e+10 | BA38: 1.0730829e+10 | BB38: 1.011846e+10 | BC38: 1.2637273e+10 | BD38: 1.5110643e+10 | BE38: 1.3907465e+10 | BF38: 1.4271738e+10 | BG38: 1.5470088e+10 | BH38: 1.3530749e+10 | BI38: 1.5082637e+10 | BJ38: 1.6105156e+10 | BK38: 1.7031943e+10 | BL38: 1.6725909e+10 | BM38: 1.4960292e+10 | BN38: 1.8737066e+10 | BO38: 2.0352322e+10
A39: Central African Republic | B39: CAF | C39: GDP (current US$) | D39: NY.GDP.MKTP.CD | E39: 1.121556e+08 | F39: 1.2313458e+08 | G39: 1.2448277e+08 | H39: 1.2937912e+08 | I39: 1.4202508e+08 | J39: 1.505748e+08 | K39: 1.5793002e+08 | L39: 1.6382051e+08 | M39: 1.9176744e+08 | N39: 1.8803921e+08 | O39: 1.8910653e+08 | P39: 2.014508e+08 | Q39: 2.3031788e+08 | R39: 2.7118308e+08 | S39: 2.8139871e+08 | T39: 3.7866002e+08 | U39: 4.5115246e+08 | V39: 5.0729815e+08 | W39: 6.1057863e+08 | X39: 7.0076475e+08 | Y39: 7.970482e+08 | Z39: 6.9480362e+08 | AA39: 7.4831239e+08 | AB39: 6.5867933e+08 | AC39: 6.3782067e+08 | AD39: 8.6484984e+08 | AE39: 1.122265e+09 | AF39: 1.200992e+09 | AG39: 1.2648993e+09 | AH39: 1.2339303e+09 | AI39: 1.4407115e+09 | AJ39: 1.377375e+09 | AK39: 1.4119176e+09 | AL39: 1.2787813e+09 | AM39: 8.5117436e+08 | AN39: 1.1153897e+09 | AO39: 1.0077911e+09 | AP39: 9.3774151e+08 | AQ39: 9.6733839e+08 | AR39: 9.9947751e+08 | AS39: 9.1677728e+08 | AT39: 9.326486e+08 | AU39: 9.9606815e+08 | AV39: 1.1423155e+09 | AW39: 1.2723605e+09 | AX39: 1.3378944e+09 | AY39: 1.4618598e+09 | AZ39: 1.6998113e+09 | BA39: 1.9934079e+09 | BB39: 2.0673817e+09 | BC39: 2.1425915e+09 | BD39: 2.4379827e+09 | BE39: 2.5101265e+09 | BF39: 1.6915441e+09 | BG39: 1.8948134e+09 | BH39: 1.6958257e+09 | BI39: 1.8250181e+09 | BJ39: 2.07235e+09 | BK39: 2.2209791e+09 | BL39: 2.2213014e+09 | BM39: 2.3267209e+09 | BN39: 2.5164984e+09 | BO39: 2.3826186e+09
A40: Canada | B40: CAN | C40: GDP (current US$) | D40: NY.GDP.MKTP.CD | E40: 4.0462399e+10 | F40: 4.0935134e+10 | G40: 4.2227358e+10 | H40: 4.5029724e+10 | I40: 4.9377963e+10 | J40: 5.4515116e+10 | K40: 6.1086991e+10 | L40: 6.5668511e+10 | M40: 7.1830047e+10 | N40: 7.9148003e+10 | O40: 8.8192258e+10 | P40: 9.9605415e+10 | Q40: 1.1346385e+11 | R40: 1.3176564e+11 | S40: 1.609463e+11 | T40: 1.7442674e+11 | U40: 2.0726566e+11 | V40: 2.1232518e+11 | W40: 2.1937739e+11 | X40: 2.4388602e+11 | Y40: 2.7477025e+11 | Z40: 3.0724584e+11 | AA40: 3.146389e+11 | AB40: 3.41863e+11 | AC40: 3.5672787e+11 | AD40: 3.6618403e+11 | AE40: 3.7901473e+11 | AF40: 4.3313993e+11 | AG40: 5.0937968e+11 | AH40: 5.6722537e+11 | AI40: 5.9608906e+11 | AJ40: 6.125139e+11 | AK40: 5.9437609e+11 | AL40: 5.79059e+11 | AM40: 5.7994435e+11 | AN40: 6.0594104e+11 | AO40: 6.3059799e+11 | AP40: 6.5498793e+11 | AQ40: 6.3399773e+11 | AR40: 6.7841e+11 | AS40: 7.4477342e+11 | AT40: 7.3896273e+11 | AU40: 7.6064933e+11 | AV40: 8.9554065e+11 | AW40: 1.0266902e+12 | AX40: 1.1731086e+12 | AY40: 1.3192648e+12 | AZ40: 1.4688204e+12 | BA40: 1.5529897e+12 | BB40: 1.3746251e+12 | BC40: 1.6173434e+12 | BD40: 1.7933266e+12 | BE40: 1.8283665e+12 | BF40: 1.8465974e+12 | BG40: 1.8057499e+12 | BH40: 1.5565088e+12 | BI40: 1.5279947e+12 | BJ40: 1.6492656e+12 | BK40: 1.7252979e+12 | BL40: 1.7437252e+12 | BM40: 1.6475984e+12 | BN40: 2.0014867e+12 | BO40: 2.13984e+12
A41: Central Europe and the Baltics | B41: CEB | C41: GDP (current US$) | D41: NY.GDP.MKTP.CD | AI41: 2.5533781e+11 | AJ41: 2.425914e+11 | AK41: 2.6000737e+11 | AL41: 2.7415633e+11 | AM41: 3.1099324e+11 | AN41: 3.9341679e+11 | AO41: 4.1619616e+11 | AP41: 4.1016972e+11 | AQ41: 4.4889461e+11 | AR41: 4.3506504e+11 | AS41: 4.285932e+11 | AT41: 4.6861559e+11 | AU41: 5.2807383e+11 | AV41: 6.3439277e+11 | AW41: 7.6309077e+11 | AX41: 8.8607185e+11 | AY41: 1.0015682e+12 | AZ41: 1.2654188e+12 | BA41: 1.5305352e+12 | BB41: 1.2897019e+12 | BC41: 1.3163985e+12 | BD41: 1.4545582e+12 | BE41: 1.3588751e+12 | BF41: 1.4173234e+12 | BG41: 1.4635499e+12 | BH41: 1.2933704e+12 | BI41: 1.3164958e+12 | BJ41: 1.4612161e+12 | BK41: 1.6485131e+12 | BL41: 1.6741142e+12 | BM41: 1.6653589e+12 | BN41: 1.905555e+12 | BO41: 1.9463309e+12
A42: Switzerland | B42: CHE | C42: GDP (current US$) | D42: NY.GDP.MKTP.CD | E42: 9.5227469e+09 | F42: 1.0712713e+10 | G42: 1.1879983e+10 | H42: 1.3063644e+10 | I42: 1.4480557e+10 | J42: 1.5346742e+10 | K42: 1.6480059e+10 | L42: 1.7740013e+10 | M42: 1.894273e+10 | N42: 2.0524887e+10 | Y42: 1.2255723e+11 | Z42: 1.1224242e+11 | AA42: 1.1504478e+11 | AB42: 1.1463208e+11 | AC42: 1.0945609e+11 | AD42: 1.1097919e+11 | AE42: 1.5908845e+11 | AF42: 1.9923748e+11 | AG42: 2.1554063e+11 | AH42: 2.0810267e+11 | AI42: 2.6577155e+11 | AJ42: 2.6890326e+11 | AK42: 2.7991778e+11 | AL42: 2.7223446e+11 | AM42: 3.0137671e+11 | AN42: 3.5284501e+11 | AO42: 3.4010121e+11 | AP42: 2.9478566e+11 | AQ42: 3.0345623e+11 | AR42: 2.9788257e+11 | AS42: 2.7920901e+11 | AT42: 2.8658013e+11 | AU42: 3.0929993e+11 | AV42: 3.6208831e+11 | AW42: 4.0391424e+11 | AX42: 4.182927e+11 | AY42: 4.4161941e+11 | AZ42: 4.9075468e+11 | BA42: 5.6727301e+11 | BB42: 5.5419168e+11 | BC42: 5.9885103e+11 | BD42: 7.1588813e+11 | BE42: 6.8642022e+11 | BF42: 7.0623494e+11 | BG42: 726537808338 | BH42: 6.9411819e+11 | BI42: 6.8789546e+11 | BJ42: 6.9520083e+11 | BK42: 7.2556253e+11 | BL42: 7.2136911e+11 | BM42: 7.3991362e+11 | BN42: 8.0064016e+11 | BO42: 8.0770604e+11
A43: Channel Islands | B43: CHI | C43: GDP (current US$) | D43: NY.GDP.MKTP.CD | AQ43: 5.9456774e+09 | AR43: 6.2627407e+09 | AS43: 6.4397034e+09 | AT43: 6.2329063e+09 | AU43: 6.6636691e+09 | AV43: 7.3322449e+09 | AW43: 8.5536434e+09 | AX43: 8.8272727e+09 | AY43: 9.676173e+09 | AZ43: 1.1514606e+10 | BI43: 9.5112071e+09 | BJ43: 9.5302445e+09 | BK43: 1.0422949e+10 | BL43: 1.038167e+10 | BM43: 9.8115385e+09 | BN43: 1.1735662e+10
A44: Chile | B44: CHL | C44: GDP (current US$) | D44: NY.GDP.MKTP.CD | E44: 4110000000 | F44: 4.8286126e+09 | G44: 5.6332247e+09 | H44: 5.5920449e+09 | I44: 5.9630777e+09 | J44: 6.1093413e+09 | K44: 7.1623772e+09 | L44: 7.0571041e+09 | M44: 7.1916157e+09 | N44: 8.3600019e+09 | O44: 9.1445145e+09 | P44: 1.0876409e+10 | Q44: 1.1833777e+10 | R44: 1.6826412e+10 | S44: 1.6209686e+10 | T44: 7.6215706e+09 | U44: 1.0338624e+10 | V44: 1.3965595e+10 | W44: 1.5992038e+10 | X44: 2.1806136e+10 | Y44: 2.903671e+10 | Z44: 3.4509878e+10 | AA44: 2.5326722e+10 | AB44: 2.035639e+10 | AC44: 1.9623026e+10 | AD44: 1.7702885e+10 | AE44: 1.8891049e+10 | AF44: 2.2255746e+10 | AG44: 2.6040053e+10 | AH44: 2.9885219e+10 | AI44: 3.3113526e+10 | AJ44: 3.7835245e+10 | AK44: 4.5964856e+10 | AL44: 4.9298281e+10 | AM44: 5.7008878e+10 | AN44: 7.3446446e+10 | AO44: 7.8575021e+10 | AP44: 8.57289e+10 | AQ44: 8.199575e+10 | AR44: 7.5596599e+10 | AS44: 7.8249884e+10 | AT44: 7.1517268e+10 | AU44: 7.0295233e+10 | AV44: 7.6507854e+10 | AW44: 9.9079366e+10 | AX44: 1.2231496e+11 | AY44: 1.5384005e+11 | AZ44: 1.7256586e+11 | BA44: 1.7966339e+11 | BB44: 1.7141264e+11 | BC44: 2.1710543e+11 | BD44: 2.5122486e+11 | BE44: 2.6717587e+11 | BF44: 2.7723947e+11 | BG44: 2.5940519e+11 | BH44: 2.4249666e+11 | BI44: 2.4929871e+11 | BJ44: 2.7636494e+11 | BK44: 2.9540265e+11 | BL44: 2.7849331e+11 | BM44: 2.540961e+11 | BN44: 3.1671358e+11 | BO44: 3.0102525e+11
A45: China | B45: CHN | C45: GDP (current US$) | D45: NY.GDP.MKTP.CD | E45: 5.9716252e+10 | F45: 5.0056688e+10 | G45: 4.7209188e+10 | H45: 5.0706617e+10 | I45: 5.9708128e+10 | J45: 7.0436012e+10 | K45: 7.6720009e+10 | L45: 7.2881368e+10 | M45: 7.0846279e+10 | N45: 7.9705618e+10 | O45: 9.2602639e+10 | P45: 9.9800598e+10 | Q45: 1.1368929e+11 | R45: 1.385432e+11 | S45: 1.4418896e+11 | T45: 1.634295e+11 | U45: 1.5393924e+11 | V45: 1.749359e+11 | W45: 1.4954075e+11 | X45: 1.7828059e+11 | Y45: 191149211575 | Z45: 1.9586638e+11 | AA45: 2.050897e+11 | AB45: 2.3068675e+11 | AC45: 2.5994651e+11 | AD45: 3.0948803e+11 | AE45: 3.007581e+11 | AF45: 2.7297297e+11 | AG45: 3.1235363e+11 | AH45: 3.4776805e+11 | AI45: 3.6085791e+11 | AJ45: 3.8337332e+11 | AK45: 4.2691571e+11 | AL45: 4.4473128e+11 | AM45: 5.6432188e+11 | AN45: 7.3448486e+11 | AO45: 8.6374931e+11 | AP45: 9.6160202e+11 | AQ45: 1.0290607e+12 | AR45: 1.0940105e+12 | AS45: 1211331627479 | AT45: 1.3394008e+12 | AU45: 1.4705576e+12 | AV45: 1.6602806e+12 | AW45: 1.9553468e+12 | AX45: 2.2859612e+12 | AY45: 2.7521185e+12 | AZ45: 3.5503276e+12 | BA45: 4.5943368e+12 | BB45: 5.1016911e+12 | BC45: 6.0871917e+12 | BD45: 7.5515453e+12 | BE45: 8.5321856e+12 | BF45: 9.5704706e+12 | BG45: 1.0475625e+13 | BH45: 1.1061573e+13 | BI45: 1.1233314e+13 | BJ45: 1.2310491e+13 | BK45: 1.3894907e+13 | BL45: 14279968485748 | BM45: 1.4687744e+13 | BN45: 1.7820459e+13 | BO45: 1.7963171e+13
A46: Cote d'Ivoire | B46: CIV | C46: GDP (current US$) | D46: NY.GDP.MKTP.CD | E46: 5.4620356e+08 | F46: 6.1824564e+08 | G46: 6.4528447e+08 | H46: 7.610472e+08 | I46: 9.2106333e+08 | J46: 9.1977123e+08 | K46: 1.0241029e+09 | L46: 1.0829227e+09 | M46: 1.2812813e+09 | N46: 1.3613603e+09 | O46: 1.4554828e+09 | P46: 1.5841285e+09 | Q46: 1.8494004e+09 | R46: 2.5084214e+09 | S46: 3.0701523e+09 | T46: 3.8938392e+09 | U46: 4.6620538e+09 | V46: 6.2650682e+09 | W46: 7.9005263e+09 | X46: 9.142934e+09 | Y46: 1.0175618e+10 | Z46: 8.43259e+09 | AA46: 7.5671109e+09 | AB46: 6.8381848e+09 | AC46: 6.8416393e+09 | AD46: 6.9776506e+09 | AE46: 9.1583021e+09 | AF46: 1.0087654e+10 | AG46: 1.025517e+10 | AH46: 9.7574106e+09 | AI46: 1.0795851e+10 | AJ46: 1.0492629e+10 | AK46: 1.1152971e+10 | AL46: 1.104576e+10 | AM46: 8.3135575e+09 | AN46: 1.1000146e+10 | AO46: 1.8071153e+10 | AP46: 1.8047558e+10 | AQ46: 1.9619655e+10 | AR46: 1.8870992e+10 | AS46: 1.6577534e+10 | AT46: 1.6810537e+10 | AU46: 1.8054383e+10 | AV46: 2.1251754e+10 | AW46: 2.3510576e+10 | AX46: 2.4036919e+10 | AY46: 2.5281413e+10 | AZ46: 2.8760091e+10 | BA46: 3.407824e+10 | BB46: 3.3886813e+10 | BC46: 3.4936308e+10 | BD46: 3.6693711e+10 | BE46: 3.6302303e+10 | BF46: 4.2760235e+10 | BG46: 4.8843006e+10 | BH46: 4.5815005e+10 | BI46: 4.8407761e+10 | BJ46: 5.2512344e+10 | BK46: 5.8522478e+10 | BL46: 5.989848e+10 | BM46: 6.2982768e+10 | BN46: 7.1811076e+10 | BO46: 7.0018715e+10
A47: Cameroon | B47: CMR | C47: GDP (current US$) | D47: NY.GDP.MKTP.CD | E47: 6.1420607e+08 | F47: 6.5277761e+08 | G47: 6.9424787e+08 | H47: 7.1832085e+08 | I47: 7.7665018e+08 | J47: 8.1408326e+08 | K47: 8.5111254e+08 | L47: 9.3617526e+08 | M47: 1.0461912e+09 | N47: 1.1005515e+09 | O47: 1.151217e+09 | P47: 1.2369414e+09 | Q47: 1.4982519e+09 | R47: 1.9013934e+09 | S47: 2.1574155e+09 | T47: 2.8570374e+09 | U47: 2.89809e+09 | V47: 3.394664e+09 | W47: 4.6628526e+09 | X47: 5.919003e+09 | Y47: 6.674569e+09 | Z47: 6.6109386e+09 | AA47: 6.611256e+09 | AB47: 6.8702e+09 | AC47: 7.311938e+09 | AD47: 8.5448105e+09 | AE47: 1.1857056e+10 | AF47: 1.304966e+10 | AG47: 1.2236057e+10 | AH47: 1.1012566e+10 | AI47: 1.2314483e+10 | AJ47: 1.1840192e+10 | AK47: 1.2071775e+10 | AL47: 1.6181815e+10 | AM47: 8.9024463e+09 | AN47: 1.0864772e+10 | AO47: 1.1093539e+10 | AP47: 1.0789458e+10 | AQ47: 1.1298145e+10 | AR47: 1.1565826e+10 | AS47: 1.0566579e+10 | AT47: 1.0953485e+10 | AU47: 1.2417251e+10 | AV47: 1.5970315e+10 | AW47: 1.8826214e+10 | AX47: 1.9509852e+10 | AY47: 2.0910513e+10 | AZ47: 2.392825e+10 | BA47: 2.7715142e+10 | BB47: 2.793297e+10 | BC47: 2.7507502e+10 | BD47: 3.0630911e+10 | BE47: 3.0155062e+10 | BF47: 3.3728621e+10 | BG47: 3.6386545e+10 | BH47: 3.2210233e+10 | BI47: 3.3814337e+10 | BJ47: 3.6098547e+10 | BK47: 3.9973842e+10 | BL47: 3.9670976e+10 | BM47: 4.0773241e+10 | BN47: 4.5338285e+10 | BO47: 4.4341647e+10
A48: Congo, Dem. Rep. | B48: COD | C48: GDP (current US$) | D48: NY.GDP.MKTP.CD | E48: 3.3594041e+09 | F48: 3.0867469e+09 | G48: 3.7798414e+09 | H48: 6.2131857e+09 | I48: 2.8815453e+09 | J48: 4.0439018e+09 | K48: 4.5326602e+09 | L48: 3.3840634e+09 | M48: 3.9097805e+09 | N48: 5.032435e+09 | O48: 4.8776849e+09 | P48: 5.5947704e+09 | Q48: 6.1737128e+09 | R48: 7.8702395e+09 | S48: 9.5969602e+09 | T48: 1.0237343e+10 | U48: 9.6485832e+09 | V48: 1.2344425e+10 | W48: 1.5372608e+10 | X48: 1.5068422e+10 | Y48: 1.4394927e+10 | Z48: 1.2537821e+10 | AA48: 1.3651667e+10 | AB48: 1.1006713e+10 | AC48: 7.8577292e+09 | AD48: 7.1950426e+09 | AE48: 8.0953672e+09 | AF48: 7.6616255e+09 | AG48: 8.8613e+09 | AH48: 9.0218628e+09 | AI48: 9.3497646e+09 | AJ48: 9.6254369e+09 | AK48: 8.2273439e+09 | AL48: 1.070626e+10 | AM48: 5.8203822e+09 | AN48: 5.6434394e+09 | AO48: 5.7714549e+09 | AP48: 6.0908405e+09 | AQ48: 6.2178063e+09 | AR48: 4.7112594e+09 | AS48: 1.9088046e+10 | AT48: 7.4381891e+09 | AU48: 8.7280385e+09 | AV48: 8.9375671e+09 | AW48: 1.0297483e+10 | AX48: 1.1964484e+10 | AY48: 1.4451902e+10 | AZ48: 1.6737072e+10 | BA48: 1.9788516e+10 | BB48: 1.8648373e+10 | BC48: 2.1565721e+10 | BD48: 2.5839749e+10 | BE48: 2.9306235e+10 | BF48: 3.2679745e+10 | BG48: 3.5909041e+10 | BH48: 3.7917706e+10 | BI48: 3.7134802e+10 | BJ48: 3.8019265e+10 | BK48: 4.756821e+10 | BL48: 5.177583e+10 | BM48: 4.8716962e+10 | BN48: 5.5350969e+10 | BO48: 5.8065954e+10
A49: Congo, Rep. | B49: COG | C49: GDP (current US$) | D49: NY.GDP.MKTP.CD | E49: 1.3173186e+08 | F49: 1.5167574e+08 | G49: 1.6652124e+08 | H49: 1.7223343e+08 | I49: 1.8569372e+08 | J49: 1.9831806e+08 | K49: 2.2061358e+08 | L49: 2.3739743e+08 | M49: 2.5124746e+08 | N49: 2.6504004e+08 | O49: 2.749607e+08 | P49: 3.2212802e+08 | Q49: 4.1066926e+08 | R49: 5.4197336e+08 | S49: 5.8536464e+08 | T49: 7.6710268e+08 | U49: 7.545496e+08 | V49: 7.6522403e+08 | W49: 8.7877177e+08 | X49: 1.1987497e+09 | Y49: 1.7057968e+09 | Z49: 1.9935123e+09 | AA49: 2.1606406e+09 | AB49: 2.0972743e+09 | AC49: 2.1935814e+09 | AD49: 2.1608725e+09 | AE49: 1.8492682e+09 | AF49: 2.2977536e+09 | AG49: 2.2125363e+09 | AH49: 2.389593e+09 | AI49: 2.7987461e+09 | AJ49: 2.7248535e+09 | AK49: 2.9332227e+09 | AL49: 2.6843236e+09 | AM49: 1.7693654e+09 | AN49: 2.1160039e+09 | AO49: 2.5406975e+09 | AP49: 2.3227191e+09 | AQ49: 1.9494814e+09 | AR49: 2.354773e+09 | AS49: 3.2279277e+09 | AT49: 2.7967046e+09 | AU49: 3.0342509e+09 | AV49: 3.5037231e+09 | AW49: 4.6569749e+09 | AX49: 6.6500017e+09 | AY49: 8.072305e+09 | AZ49: 8.7827034e+09 | BA49: 1.1649858e+10 | BB49: 9.7232999e+09 | BC49: 1.3148396e+10 | BD49: 1.5655384e+10 | BE49: 1.7692911e+10 | BF49: 1.7958721e+10 | BG49: 1.7912908e+10 | BH49: 1.1890259e+10 | BI49: 1.0219341e+10 | BJ49: 1.1094824e+10 | BK49: 1.3670038e+10 | BL49: 1.2750339e+10 | BM49: 1.0483151e+10 | BN49: 1.3366231e+10 | BO49: 1.4615532e+10
A50: Colombia | B50: COL | C50: GDP (current US$) | D50: NY.GDP.MKTP.CD | E50: 4.031153e+09 | F50: 4.5404478e+09 | G50: 4.955538e+09 | H50: 4.8361667e+09 | I50: 5.9733667e+09 | J50: 5.7607619e+09 | K50: 5.4285185e+09 | L50: 5.8251704e+09 | M50: 5.9602129e+09 | N50: 6.4501752e+09 | O50: 7.1983605e+09 | P50: 7.820381e+09 | Q50: 8.6713587e+09 | R50: 1.031576e+10 | S50: 1.237003e+10 | T50: 1.3098634e+10 | U50: 1.5341404e+10 | V50: 1.9470961e+10 | W50: 2.3263512e+10 | X50: 2.7940411e+10 | Y50: 3.3400736e+10 | Z50: 3.6388367e+10 | AA50: 3.896804e+10 | AB50: 3.8729823e+10 | AC50: 3.8253121e+10 | AD50: 3.489442e+10 | AE50: 3.494249e+10 | AF50: 3.6373307e+10 | AG50: 3.921255e+10 | AH50: 3.954008e+10 | AI50: 4.7844091e+10 | AJ50: 4.9637994e+10 | AK50: 5.8394443e+10 | AL50: 6.6474101e+10 | AM50: 8.1705498e+10 | AN50: 9.2495971e+10 | AO50: 9.7153389e+10 | AP50: 1.0665649e+11 | AQ50: 9.8486359e+10 | AR50: 8.6278948e+10 | AS50: 9.9875075e+10 | AT50: 9.8200641e+10 | AU50: 9.7945813e+10 | AV50: 9.4644969e+10 | AW50: 1.1709242e+11 | AX50: 1.4560053e+11 | AY50: 1.6179296e+11 | AZ50: 2.0622954e+11 | BA50: 2.4250415e+11 | BB50: 2.3246867e+11 | BC50: 2.8649853e+11 | BD50: 3.3496613e+11 | BE50: 3.7069114e+11 | BF50: 3.820937e+11 | BG50: 3.8124086e+11 | BH50: 2.9349237e+11 | BI50: 2.827201e+11 | BJ50: 3.1186688e+11 | BK50: 3.3419822e+11 | BL50: 3.230317e+11 | BM50: 2.7015096e+11 | BN50: 3.1851181e+11 | BO50: 3.4393945e+11
A51: Comoros | B51: COM | C51: GDP (current US$) | D51: NY.GDP.MKTP.CD | Y51: 2.1221826e+08 | Z51: 1.9634993e+08 | AA51: 1.8400901e+08 | AB51: 1.9162195e+08 | AC51: 1.8469723e+08 | AD51: 1.967261e+08 | AE51: 2.7919772e+08 | AF51: 3.3752585e+08 | AG51: 3.5650003e+08 | AH51: 3.4147677e+08 | AI51: 4.2962218e+08 | AJ51: 4.2410877e+08 | AK51: 4.5738865e+08 | AL51: 4.5288148e+08 | AM51: 3.1918918e+08 | AN51: 3.984618e+08 | AO51: 3.9605381e+08 | AP51: 3.644456e+08 | AQ51: 3.7010675e+08 | AR51: 3.8245499e+08 | AS51: 3.5113658e+08 | AT51: 3.7851202e+08 | AU51: 4.2596468e+08 | AV51: 5.4688522e+08 | AW51: 6.3370611e+08 | AX51: 6.5384517e+08 | AY51: 6.9843179e+08 | AZ51: 7.9567315e+08 | BA51: 9.1565911e+08 | BB51: 9.0534117e+08 | BC51: 9.0797873e+08 | BD51: 1.0230863e+09 | BE51: 1.0158435e+09 | BF51: 1.1162241e+09 | BG51: 1.1495877e+09 | BH51: 9.660296e+08 | BI51: 1.0128355e+09 | BJ51: 1.0774398e+09 | BK51: 1.1887974e+09 | BL51: 1.1950195e+09 | BM51: 1.2250392e+09 | BN51: 1.2960895e+09 | BO51: 1.2425194e+09
A52: Cabo Verde | B52: CPV | C52: GDP (current US$) | D52: NY.GDP.MKTP.CD | Y52: 1.4224682e+08 | Z52: 1.3946821e+08 | AA52: 1.4063068e+08 | AB52: 1.3847617e+08 | AC52: 1.3201904e+08 | AD52: 1.3772821e+08 | AE52: 1.9065117e+08 | AF52: 2.3525306e+08 | AG52: 2.6430814e+08 | AH52: 2.6744857e+08 | AI52: 3.0689096e+08 | AJ52: 3.1982706e+08 | AK52: 3.5716099e+08 | AL52: 4.9041739e+08 | AM52: 4.0658065e+08 | AN52: 4.8714899e+08 | AO52: 5.0197927e+08 | AP52: 4.9060866e+08 | AQ52: 5.2191056e+08 | AR52: 5.924167e+08 | AS52: 5.3922728e+08 | AT52: 5.6309049e+08 | AU52: 6.2050739e+08 | AV52: 8.1326047e+08 | AW52: 9.2494001e+08 | AX52: 9.7224168e+08 | AY52: 1.1075715e+09 | AZ52: 1.6496217e+09 | BA52: 1.9596207e+09 | BB52: 1.8523346e+09 | BC52: 1.8247515e+09 | BD52: 2.046818e+09 | BE52: 1.9130812e+09 | BF52: 2.0289109e+09 | BG52: 2.0419301e+09 | BH52: 1.7498576e+09 | BI52: 1.84979e+09 | BJ52: 1.9967415e+09 | BK52: 2.2050995e+09 | BL52: 2.2667522e+09 | BM52: 1.8782773e+09 | BN52: 2.0917418e+09 | BO52: 2.3148168e+09
A53: Costa Rica | B53: CRI | C53: GDP (current US$) | D53: NY.GDP.MKTP.CD | E53: 5.0751383e+08 | F53: 4.9032518e+08 | G53: 4.7918082e+08 | H53: 5.1190214e+08 | I53: 5.4257837e+08 | J53: 5.9298116e+08 | K53: 6.4730563e+08 | L53: 6.9945662e+08 | M53: 7.7384149e+08 | N53: 8.536302e+08 | O53: 9.8483016e+08 | P53: 1.0771475e+09 | Q53: 1.2382517e+09 | R53: 1.5289258e+09 | S53: 1.6665448e+09 | T53: 1.9608635e+09 | U53: 2.4125554e+09 | V53: 3.072427e+09 | W53: 3.5232088e+09 | X53: 4.0355193e+09 | Y53: 4.831447e+09 | Z53: 2.6238031e+09 | AA53: 2.6066236e+09 | AB53: 3.1467727e+09 | AC53: 3.6604778e+09 | AD53: 3.919204e+09 | AE53: 4.4189839e+09 | AF53: 4.532952e+09 | AG53: 4.6146299e+09 | AH53: 5.2510258e+09 | AI53: 5.7116878e+09 | AJ53: 7.1962761e+09 | AK53: 8.5640419e+09 | AL53: 9.5828685e+09 | AM53: 1.0486787e+10 | AN53: 1.1578594e+10 | AO53: 1.1678425e+10 | AP53: 1.2614602e+10 | AQ53: 1.3684256e+10 | AR53: 1.4254866e+10 | AS53: 1.501363e+10 | AT53: 1.5976174e+10 | AU53: 1.6578821e+10 | AV53: 1.7271761e+10 | AW53: 1.8610595e+10 | AX53: 2.0040642e+10 | AY53: 2.271554e+10 | AZ53: 2.68847e+10 | BA53: 3.0801745e+10 | BB53: 3.0745714e+10 | BC53: 3.7658615e+10 | BD53: 4.2762614e+10 | BE53: 4.7231655e+10 | BF53: 5.0949669e+10 | BG53: 5.2016409e+10 | BH53: 5.6441921e+10 | BI53: 5.884702e+10 | BJ53: 6.0516045e+10 | BK53: 6.2420165e+10 | BL53: 6.4417671e+10 | BM53: 6.2395611e+10 | BN53: 6.4616482e+10 | BO53: 6.8380838e+10
A54: Caribbean small states | B54: CSS | C54: GDP (current US$) | D54: NY.GDP.MKTP.CD | E54: 1.8803258e+09 | F54: 2.0383228e+09 | G54: 2.1539177e+09 | H54: 2.2903369e+09 | I54: 2.4702897e+09 | J54: 2.6610144e+09 | K54: 2.8887236e+09 | L54: 3.1025593e+09 | M54: 3.0836393e+09 | N54: 3.3597559e+09 | O54: 3.6953117e+09 | P54: 4.0174699e+09 | Q54: 4.6393463e+09 | R54: 5.0761289e+09 | S54: 6.5955368e+09 | T54: 7.7069278e+09 | U54: 7.932366e+09 | V54: 9.2105192e+09 | W54: 9.4337304e+09 | X54: 1.0835454e+10 | Y54: 1.3495238e+10 | Z54: 1.4890284e+10 | AA54: 1.651779e+10 | AB54: 1.6735544e+10 | AC54: 1.5982825e+10 | AD54: 1.5814763e+10 | AE54: 1.4441262e+10 | AF54: 1.5521767e+10 | AG54: 1.6459955e+10 | AH54: 1.6872865e+10 | AI54: 1.8149076e+10 | AJ54: 1.8032793e+10 | AK54: 1.7750354e+10 | AL54: 1.9224165e+10 | AM54: 2.0205168e+10 | AN54: 2.2270862e+10 | AO54: 2.4291634e+10 | AP54: 2.8416253e+10 | AQ54: 3.0354024e+10 | AR54: 3.2186913e+10 | AS54: 3.4533836e+10 | AT54: 3.5575792e+10 | AU54: 3.7324429e+10 | AV54: 3.9887633e+10 | AW54: 4.362567e+10 | AX54: 4.9307227e+10 | AY54: 5.607429e+10 | AZ54: 6.2328939e+10 | BA54: 7.0781391e+10 | BB54: 5.9840574e+10 | BC54: 6.4939019e+10 | BD54: 7.0074558e+10 | BE54: 7.3844946e+10 | BF54: 7.5227026e+10 | BG54: 7.6921754e+10 | BH54: 7.5480329e+10 | BI54: 7.0977854e+10 | BJ54: 7.3482494e+10 | BK54: 7.624725e+10 | BL54: 7.7282796e+10 | BM54: 6.5994923e+10 | BN54: 7.5672803e+10 | BO54: 9.2935646e+10
A55: Cuba | B55: CUB | C55: GDP (current US$) | D55: NY.GDP.MKTP.CD | O55: 5693005200 | P55: 6914658400 | Q55: 8.1351509e+09 | R55: 9.9877097e+09 | S55: 1.1405957e+10 | T55: 1.3027415e+10 | U55: 1.378958e+10 | V55: 1.4206159e+10 | W55: 1.7844705e+10 | X55: 1.9584443e+10 | Y55: 1.991289e+10 | Z55: 2.0150254e+10 | AA55: 2.095351e+10 | AB55: 2.2204941e+10 | AC55: 2.4039384e+10 | AD55: 2.2920491e+10 | AE55: 2.4226575e+10 | AF55: 2.5213935e+10 | AG55: 2.7458999e+10 | AH55: 2.7023469e+10 | AI55: 2.8645437e+10 | AJ55: 2.4316556e+10 | AK55: 2.2085858e+10 | AL55: 2.2367255e+10 | AM55: 2.8448327e+10 | AN55: 3.0429804e+10 | AO55: 25017368700 | AP55: 25365908100 | AQ55: 25736331200 | AR55: 28364615200 | AS55: 30565400000 | AT55: 31682400000 | AU55: 33590500000 | AV55: 35901200000 | AW55: 38203000000 | AX55: 42643836100 | AY55: 4.8835926e+10 | AZ55: 5.426287e+10 | BA55: 5.630213e+10 | BB55: 5.7481481e+10 | BC55: 5.9562963e+10 | BD55: 68990000000 | BE55: 73141000000 | BF55: 77148000000 | BG55: 80656000000 | BH55: 87133000000 | BI55: 91370000000 | BJ55: 96851000000 | BK55: 100050000000 | BL55: 103428000000 | BM55: 107352000000
A56: Curacao | B56: CUW | C56: GDP (current US$) | D56: NY.GDP.MKTP.CD | BD56: 2.9331285e+09 | BE56: 3.0245251e+09 | BF56: 3.0399441e+09 | BG56: 3.0484358e+09 | BH56: 3.0427374e+09 | BI56: 3.0147486e+09 | BJ56: 3.0094972e+09 | BK56: 3.0203888e+09 | BL56: 2.9951855e+09 | BM56: 2.4961747e+09 | BN56: 2.6996125e+09
A57: Cayman Islands | B57: CYM | C57: GDP (current US$) | D57: NY.GDP.MKTP.CD | AY57: 4.2002883e+09 | AZ57: 4.466278e+09 | BA57: 4.585949e+09 | BB57: 4.2817146e+09 | BC57: 4.1568412e+09 | BD57: 4.1860732e+09 | BE57: 4.2910045e+09 | BF57: 4.4057961e+09 | BG57: 4.5628536e+09 | BH57: 4.7081673e+09 | BI57: 4.9093222e+09 | BJ57: 5.1662813e+09 | BK57: 5.5301785e+09 | BL57: 5.9418966e+09 | BM57: 5.647225e+09 | BN57: 6.0283735e+09
A58: Cyprus | B58: CYP | C58: GDP (current US$) | D58: NY.GDP.MKTP.CD | T58: 4.8991476e+08 | U58: 5.7609007e+08 | V58: 7.3488797e+08 | W58: 9.6402651e+08 | X58: 1.2887152e+09 | Y58: 2.1543113e+09 | Z58: 2.0874964e+09 | AA58: 2.1592424e+09 | AB58: 2.1603641e+09 | AC58: 2.278249e+09 | AD58: 2.4304119e+09 | AE58: 3.0907345e+09 | AF58: 3.7048139e+09 | AG58: 4.2787926e+09 | AH58: 4.5634826e+09 | AI58: 5.5911302e+09 | AJ58: 5.7701973e+09 | AK58: 6.9121505e+09 | AL58: 6.590291e+09 | AM58: 7.4257039e+09 | AN58: 9.9331332e+09 | AO58: 1.0011918e+10 | AP58: 9.5478187e+09 | AQ58: 1.0248618e+10 | AR58: 1.0497908e+10 | AS58: 9.9858445e+09 | AT58: 1.0397897e+10 | AU58: 1.1420228e+10 | AV58: 1.4547325e+10 | AW58: 17320552500 | AX58: 1.8433411e+10 | AY58: 2.0072786e+10 | AZ58: 2.3968764e+10 | BA58: 2.7844699e+10 | BB58: 2.5945392e+10 | BC58: 2.579994e+10 | BD58: 2.7641552e+10 | BE58: 2.5047433e+10 | BF58: 2.3959709e+10 | BG58: 2.3225912e+10 | BH58: 1.9909269e+10 | BI58: 2.1046452e+10 | BJ58: 2.2946583e+10 | BK58: 2.5597301e+10 | BL58: 2.5945194e+10 | BM58: 2.5008266e+10 | BN58: 2.8408064e+10 | BO58: 2.8439053e+10
A59: Czechia | B59: CZE | C59: GDP (current US$) | D59: NY.GDP.MKTP.CD | AI59: 4.0728951e+10 | AJ59: 2.9859921e+10 | AK59: 3.4805013e+10 | AL59: 4.0866982e+10 | AM59: 4.7850065e+10 | AN59: 6.0145663e+10 | AO59: 6.7388492e+10 | AP59: 6.2180519e+10 | AQ59: 6.6807499e+10 | AR59: 6.5173037e+10 | AS59: 6.1823494e+10 | AT59: 6.7808696e+10 | AU59: 8.2196206e+10 | AV59: 1.0009047e+11 | AW59: 1.1981467e+11 | AX59: 1.3714338e+11 | AY59: 1.5626421e+11 | AZ59: 1.9018411e+11 | BA59: 2.3681695e+11 | BB59: 2.074343e+11 | BC59: 2.0906994e+11 | BD59: 2.2956273e+11 | BE59: 2.0885772e+11 | BF59: 2.1168562e+11 | BG59: 2.0935883e+11 | BH59: 1.8803305e+11 | BI59: 1.9627207e+11 | BJ59: 2.1862894e+11 | BK59: 2.4900054e+11 | BL59: 2.5254818e+11 | BM59: 2.4597456e+11 | BN59: 2.8179122e+11 | BO59: 2.9092353e+11
A60: Germany | B60: DEU | C60: GDP (current US$) | D60: NY.GDP.MKTP.CD | O60: 2.1583845e+11 | P60: 2.4998506e+11 | Q60: 2.9980154e+11 | R60: 3.9837402e+11 | S60: 4.4530348e+11 | T60: 4.9063652e+11 | U60: 5.1975445e+11 | V60: 6.0049824e+11 | W60: 7.4046998e+11 | X60: 8.8134518e+11 | Y60: 9.5029086e+11 | Z60: 8.0047206e+11 | AA60: 7.7657644e+11 | AB60: 7.7068432e+11 | AC60: 7.2511112e+11 | AD60: 7.3253489e+11 | AE60: 1.0462594e+12 | AF60: 1.2981761e+12 | AG60: 1.4012332e+12 | AH60: 1.3989674e+12 | AI60: 1.7716712e+12 | AJ60: 1.8689452e+12 | AK60: 2.1315717e+12 | AL60: 2.0713238e+12 | AM60: 2.2050741e+12 | AN60: 2.5857923e+12 | AO60: 2.4972446e+12 | AP60: 2.2119896e+12 | AQ60: 2.2389908e+12 | AR60: 2.1949453e+12 | AS60: 1.947982e+12 | AT60: 1.945791e+12 | AU60: 2.0784845e+12 | AV60: 2.5016404e+12 | AW60: 2.8143539e+12 | AX60: 2.8468642e+12 | AY60: 2.9947036e+12 | AZ60: 3.4255784e+12 | BA60: 3.7452641e+12 | BB60: 3.4112612e+12 | BC60: 3.3996678e+12 | BD60: 3.749315e+12 | BE60: 3.5271432e+12 | BF60: 3.7338046e+12 | BG60: 3.8890931e+12 | BH60: 3.3575857e+12 | BI60: 3.4698535e+12 | BJ60: 3.6908492e+12 | BK60: 3.9744434e+12 | BL60: 3.888226e+12 | BM60: 3.8896689e+12 | BN60: 4.2599349e+12 | BO60: 4.0721917e+12
A61: Djibouti | B61: DJI | C61: GDP (current US$) | D61: NY.GDP.MKTP.CD | AD61: 3.4098953e+08 | AF61: 3.7337174e+08 | AG61: 3.9579454e+08 | AH61: 4.0922009e+08 | AI61: 4.5232809e+08 | AJ61: 4.62422e+08 | AK61: 4.780583e+08 | AL61: 4.6604847e+08 | AM61: 4.9168922e+08 | AN61: 4.9772396e+08 | AO61: 4.9400465e+08 | AP61: 5.0267554e+08 | AQ61: 5.1426787e+08 | AR61: 5.3608015e+08 | AS61: 5.5123086e+08 | AT61: 5.7241744e+08 | AU61: 5.9112204e+08 | AV61: 6.2204467e+08 | AW61: 6.660721e+08 | AX61: 7.0863319e+08 | AY61: 7.6887368e+08 | AZ61: 8.4791893e+08 | BA61: 9.9910534e+08 | BB61: 1.0491107e+09 | BC61: 1.1286117e+09 | BD61: 1.2391445e+09 | BE61: 1.3536329e+09 | BF61: 2.0428172e+09 | BG61: 2.2146791e+09 | BH61: 2.4243918e+09 | BI61: 2.6049552e+09 | BJ61: 2.7625813e+09 | BK61: 2.9134667e+09 | BL61: 3.0888536e+09 | BM61: 3.1810712e+09 | BN61: 3.3722875e+09 | BO61: 3.5151091e+09
A62: Dominica | B62: DMA | C62: GDP (current US$) | D62: NY.GDP.MKTP.CD | V62: 45872947 | W62: 57130216 | X62: 55017759 | Y62: 72804653 | Z62: 82107391 | AA62: 89527577 | AB62: 98665191 | AC62: 1.0915707e+08 | AD62: 1.1949193e+08 | AE62: 1.3516196e+08 | AF62: 1.5186875e+08 | AG62: 1.7110618e+08 | AH62: 1.8513724e+08 | AI62: 2.0142963e+08 | AJ62: 2.1976296e+08 | AK62: 2.3405926e+08 | AL62: 2.4552593e+08 | AM62: 2.6437407e+08 | AN62: 2.7452222e+08 | AO62: 2.9228519e+08 | AP62: 3.0298889e+08 | AQ62: 3.2241111e+08 | AR62: 3.3175926e+08 | AS62: 3.3347037e+08 | AT62: 3.402037e+08 | AU62: 3.331963e+08 | AV62: 3.4331111e+08 | AW62: 367200000 | AX62: 3.6425556e+08 | AY62: 3.9025185e+08 | AZ62: 4.2137407e+08 | BA62: 4.5818889e+08 | BB62: 4.8907407e+08 | BC62: 4.9382593e+08 | BD62: 5.0102593e+08 | BE62: 4.859963e+08 | BF62: 4.982963e+08 | BG62: 5.2020741e+08 | BH62: 5.4073704e+08 | BI62: 5.7622963e+08 | BJ62: 5.2155185e+08 | BK62: 5.5477037e+08 | BL62: 6.1153704e+08 | BM62: 5.0421481e+08 | BN62: 5.5526667e+08 | BO62: 6.1204815e+08
A63: Denmark | B63: DNK | C63: GDP (current US$) | D63: NY.GDP.MKTP.CD | K63: 1.1931739e+10 | L63: 1.3059065e+10 | M63: 1.3505574e+10 | N63: 1.5414902e+10 | O63: 1.7075458e+10 | P63: 1.9085634e+10 | Q63: 2.3232408e+10 | R63: 3.0730627e+10 | S63: 3.4160445e+10 | T63: 4.0474406e+10 | U63: 4.4575708e+10 | V63: 4.9784408e+10 | W63: 6.0362658e+10 | X63: 7.0366799e+10 | Y63: 7.1127003e+10 | Z63: 6.1878104e+10 | AA63: 6.0412543e+10 | AB63: 6.0644837e+10 | AC63: 5.9105284e+10 | AD63: 6.2658618e+10 | AE63: 8.8078851e+10 | AF63: 1.0941416e+11 | AG63: 1.1555242e+11 | AH63: 1.1240961e+11 | AI63: 1.3824822e+11 | AJ63: 1.392256e+11 | AK63: 1.5291481e+11 | AL63: 1.4319476e+11 | AM63: 1.5616357e+11 | AN63: 1.8500798e+11 | AO63: 1.8763326e+11 | AP63: 1.7353872e+11 | AQ63: 1.7699123e+11 | AR63: 1.7796417e+11 | AS63: 1.6415784e+11 | AT63: 1.647911e+11 | AU63: 1.7863484e+11 | AV63: 2.1809692e+11 | AW63: 2.5137482e+11 | AX63: 2.644669e+11 | AY63: 2.8288598e+11 | AZ63: 3.1942338e+11 | BA63: 3.533589e+11 | BB63: 3.212433e+11 | BC63: 3.2199528e+11 | BD63: 3.4400314e+11 | BE63: 3.2714894e+11 | BF63: 3.4358439e+11 | BG63: 3.5299363e+11 | BH63: 3.0267307e+11 | BI63: 3.1311593e+11 | BJ63: 3.3212106e+11 | BK63: 3.5684122e+11 | BL63: 3.4649874e+11 | BM63: 3.5522245e+11 | BN63: 3.9830327e+11 | BO63: 3.9540391e+11
A64: Dominican Republic | B64: DOM | C64: GDP (current US$) | D64: NY.GDP.MKTP.CD | E64: 672399700 | F64: 654100200 | G64: 824100000 | H64: 940799900 | I64: 1025599900 | J64: 888100000 | K64: 983900000 | L64: 1034800000 | M64: 1079100000 | N64: 1230500000 | O64: 1485500000 | P64: 1.6665e+09 | Q64: 1987400000 | R64: 2.3448e+09 | S64: 2.9257e+09 | T64: 3.5992e+09 | U64: 3.9515e+09 | V64: 4.5871e+09 | W64: 4.7344e+09 | X64: 5.4988e+09 | Y64: 6.7613e+09 | Z64: 7.5613e+09 | AA64: 8.2674e+09 | AB64: 9.2206e+09 | AC64: 1.1594e+10 | AD64: 5.0445794e+09 | AE64: 6.1221279e+09 | AF64: 5.8270502e+09 | AG64: 5.3743003e+09 | AH64: 6.6865931e+09 | AI64: 7.0736755e+09 | AJ64: 9.8244834e+09 | AK64: 11605382504 | AL64: 13081042400 | AM64: 1.4644734e+10 | AN64: 1.6637371e+10 | AO64: 1.8241622e+10 | AP64: 2.001745e+10 | AQ64: 2.1672216e+10 | AR64: 2.213658e+10 | AS64: 2.4305781e+10 | AT64: 2.5601824e+10 | AU64: 2.7137441e+10 | AV64: 2.1403168e+10 | AW64: 2.2322388e+10 | AX64: 3.577756e+10 | AY64: 3.787983e+10 | AZ64: 4.3965459e+10 | BA64: 4.8122602e+10 | BB64: 4.826108e+10 | BC64: 5.3860187e+10 | BD64: 5.8029774e+10 | BE64: 6.0681536e+10 | BF64: 6.2682159e+10 | BG64: 6.7179956e+10 | BH64: 7.1164827e+10 | BI64: 7.5704648e+10 | BJ64: 7.9998046e+10 | BK64: 8.555539e+10 | BL64: 8.8941372e+10 | BM64: 7.8844656e+10 | BN64: 9.4243426e+10 | BO64: 1.1364186e+11
A65: Algeria | B65: DZA | C65: GDP (current US$) | D65: NY.GDP.MKTP.CD | E65: 2.7236154e+09 | F65: 2.4347471e+09 | G65: 2.0014445e+09 | H65: 2.702982e+09 | I65: 2.9093164e+09 | J65: 3.1362843e+09 | K65: 3.0398592e+09 | L65: 3.3708704e+09 | M65: 3.852147e+09 | N65: 4.2572533e+09 | O65: 4.8635269e+09 | P65: 5.0771827e+09 | Q65: 6.766744e+09 | R65: 8.707858e+09 | S65: 1.3209872e+10 | T65: 1.5557901e+10 | U65: 1.7728241e+10 | V65: 2.0972112e+10 | W65: 2.6364491e+10 | X65: 3.324371e+10 | Y65: 4.2345829e+10 | Z65: 4.4348587e+10 | AA65: 4.5207171e+10 | AB65: 4.880137e+10 | AC65: 5.3698548e+10 | AD65: 5.7937869e+10 | AE65: 6.3692012e+10 | AF65: 6.6745823e+10 | AG65: 5.90894e+10 | AH65: 5.5634719e+10 | AI65: 6.2048505e+10 | AJ65: 4.5715676e+10 | AK65: 4.8003133e+10 | AL65: 4.9945585e+10 | AM65: 4.2543177e+10 | AN65: 4.1764292e+10 | AO65: 4.6941554e+10 | AP65: 4.8177612e+10 | AQ65: 4.8187782e+10 | AR65: 4.8640672e+10 | AS65: 5.4790399e+10 | AT65: 5.4744698e+10 | AU65: 5.6760356e+10 | AV65: 6.786385e+10 | AW65: 8.5332581e+10 | AX65: 1.0319821e+11 | AY65: 1.1702728e+11 | AZ65: 1.3497708e+11 | BA65: 1.710007e+11 | BB65: 1.37211e+11 | BC65: 1.6120731e+11 | BD65: 2.000131e+11 | BE65: 2.0905908e+11 | BF65: 2.09755e+11 | BG65: 2.1380998e+11 | BH65: 1.6597922e+11 | BI65: 1.6003421e+11 | BJ65: 1.7009699e+11 | BK65: 1.7491089e+11 | BL65: 1.7176029e+11 | BM65: 1.4574372e+11 | BN65: 1.6347223e+11 | BO65: 1.9191289e+11
A66: East Asia & Pacific (excluding high income) | B66: EAP | C66: GDP (current US$) | D66: NY.GDP.MKTP.CD | E66: 8.1326349e+10 | F66: 7.1596256e+10 | G66: 6.5380076e+10 | H66: 7.0825946e+10 | I66: 8.1742063e+10 | J66: 9.5156521e+10 | K66: 1.0405108e+11 | L66: 1.009812e+11 | M66: 1.0225308e+11 | N66: 1.1476675e+11 | O66: 1.2745492e+11 | P66: 1.3703006e+11 | Q66: 1.5540867e+11 | R66: 1.9553413e+11 | S66: 2.212061e+11 | T66: 2.4860084e+11 | U66: 2.5262735e+11 | V66: 2.915763e+11 | W66: 2.8275187e+11 | X66: 3.2755178e+11 | Y66: 3.7803387e+11 | Z66: 4.0355037e+11 | AA66: 4.2368572e+11 | AB66: 4.4383745e+11 | AC66: 4.8090084e+11 | AD66: 5.2632524e+11 | AE66: 5.250266e+11 | AF66: 5.189385e+11 | AG66: 5.7548369e+11 | AH66: 6.2237342e+11 | AI66: 6.6720007e+11 | AJ66: 7.2366042e+11 | AK66: 8.1106452e+11 | AL66: 8.902981e+11 | AM66: 1.0713244e+12 | AN66: 1.3217359e+12 | AO66: 1.5180917e+12 | AP66: 1.5716531e+12 | AQ66: 1.4314424e+12 | AR66: 1.5753109e+12 | AS66: 1.7342242e+12 | AT66: 1.8470171e+12 | AU66: 2.0438528e+12 | AV66: 2.3112954e+12 | AW66: 2.6819225e+12 | AX66: 3.1064835e+12 | AY66: 3.7403217e+12 | AZ66: 4.7273692e+12 | BA66: 5.9784281e+12 | BB66: 6.4839774e+12 | BC66: 7.8889577e+12 | BD66: 9.6450082e+12 | BE66: 1.0758482e+13 | BF66: 1.1870566e+13 | BG66: 1.2798137e+13 | BH66: 1.3326937e+13 | BI66: 1.3611837e+13 | BJ66: 1.4876745e+13 | BK66: 1.6639893e+13 | BL66: 1.7207134e+13 | BM66: 1.748742e+13 | BN66: 2.0837352e+13 | BO66: 2.1189324e+13
A67: Early-demographic dividend | B67: EAR | C67: GDP (current US$) | D67: NY.GDP.MKTP.CD | E67: 1.5032541e+11 | F67: 1.5994039e+11 | G67: 1.6442699e+11 | H67: 1.7432977e+11 | I67: 1.999453e+11 | J67: 2.1644689e+11 | K67: 2.1371759e+11 | L67: 2.2448178e+11 | M67: 2.4264904e+11 | N67: 2.7073269e+11 | O67: 2.8677212e+11 | P67: 3.1020291e+11 | Q67: 3.3914796e+11 | R67: 4.3395655e+11 | S67: 6.0606039e+11 | T67: 6.514624e+11 | U67: 7.1151366e+11 | V67: 7.9483449e+11 | W67: 9.1489653e+11 | X67: 1.0727419e+12 | Y67: 1.3349557e+12 | Z67: 1.4910225e+12 | AA67: 1.4189371e+12 | AB67: 1.4293002e+12 | AC67: 1.4572649e+12 | AD67: 1.4555403e+12 | AE67: 1.4715076e+12 | AF67: 1.4950767e+12 | AG67: 1.555302e+12 | AH67: 1.5846522e+12 | AI67: 1.8600568e+12 | AJ67: 1.9688771e+12 | AK67: 2.163167e+12 | AL67: 2.3762291e+12 | AM67: 2.4979622e+12 | AN67: 2.5609458e+12 | AO67: 2.7923509e+12 | AP67: 2.9849036e+12 | AQ67: 2.9428006e+12 | AR67: 3.1126775e+12 | AS67: 3.3863745e+12 | AT67: 3.3570061e+12 | AU67: 3.264337e+12 | AV67: 3.6331028e+12 | AW67: 4.2297671e+12 | AX67: 4.9318596e+12 | AY67: 5.6396636e+12 | AZ67: 6.6719434e+12 | BA67: 7.524219e+12 | BB67: 7.2623664e+12 | BC67: 8.8049862e+12 | BD67: 9.724223e+12 | BE67: 1.0162397e+13 | BF67: 1.0305214e+13 | BG67: 1.0661877e+13 | BH67: 1.0147533e+13 | BI67: 1.048013e+13 | BJ67: 1.1335423e+13 | BK67: 1.1465084e+13 | BL67: 1.1696252e+13 | BM67: 1.0909268e+13 | BN67: 1.2674194e+13 | BO67: 14029514129087
A68: East Asia & Pacific | B68: EAS | C68: GDP (current US$) | D68: NY.GDP.MKTP.CD | E68: 1.5463557e+11 | F68: 1.5517154e+11 | G68: 1.5838845e+11 | H68: 1.7673018e+11 | I68: 2.0271483e+11 | J68: 2.2562166e+11 | K68: 2.5210664e+11 | L68: 2.7318298e+11 | M68: 3.0120425e+11 | N68: 3.4686178e+11 | O68: 4.0889814e+11 | P68: 4.5372695e+11 | Q68: 5.6301091e+11 | R68: 7.418899e+11 | S68: 8.5471301e+11 | T68: 9.3581919e+11 | U68: 1.0288465e+12 | V68: 1.2259889e+12 | W68: 1.5467927e+12 | X68: 1.6799929e+12 | Y68: 1.8159677e+12 | Z68: 2.0018908e+12 | AA68: 1.9623295e+12 | AB68: 2.0879043e+12 | AC68: 2.2359821e+12 | AD68: 2.3595366e+12 | AE68: 3.0826094e+12 | AF68: 3.6197627e+12 | AG68: 4.3549205e+12 | AH68: 4.5362123e+12 | AI68: 4.7381848e+12 | AJ68: 5.3492382e+12 | AK68: 5.844851e+12 | AL68: 6.5362375e+12 | AM68: 7.4038542e+12 | AN68: 8.4072701e+12 | AO68: 8.1011324e+12 | AP68: 7.7446744e+12 | AQ68: 6.9297888e+12 | AR68: 7.7403891e+12 | AS68: 8.3749674e+12 | AT68: 7.7889793e+12 | AU68: 7.9118729e+12 | AV68: 8.699256e+12 | AW68: 9.756922e+12 | AX68: 1.0409529e+13 | AY68: 1.1031656e+13 | AZ68: 1.2325979e+13 | BA68: 1.421086e+13 | BB68: 1.4623039e+13 | BC68: 17066365173220 | BD68: 19790735702384 | BE68: 2.1172217e+13 | BF68: 2.1410751e+13 | BG68: 2.2086204e+13 | BH68: 2.1997191e+13 | BI68: 2.2772302e+13 | BJ68: 24324925891393 | BK68: 2.648523e+13 | BL68: 27023995393949 | BM68: 2.7144861e+13 | BN68: 3.1095573e+13 | BO68: 3.0655246e+13
A69: Europe & Central Asia (excluding high income) | B69: ECA | C69: GDP (current US$) | D69: NY.GDP.MKTP.CD | AG69: 8.620853e+11 | AH69: 8.3408989e+11 | AI69: 8.9303049e+11 | AJ69: 8.6875496e+11 | AK69: 7.9909065e+11 | AL69: 7.8513074e+11 | AM69: 6.740265e+11 | AN69: 7.2153905e+11 | AO69: 7.2934187e+11 | AP69: 7.6141515e+11 | AQ69: 7.0549055e+11 | AR69: 5.9179796e+11 | AS69: 6.6286583e+11 | AT69: 6.550681e+11 | AU69: 7.507077e+11 | AV69: 9.4722417e+11 | AW69: 1.2560216e+12 | AX69: 1.5896232e+12 | AY69: 1.9501057e+12 | AZ69: 2.5094694e+12 | BA69: 3.1103932e+12 | BB69: 2.437811e+12 | BC69: 2.9531168e+12 | BD69: 3.6700899e+12 | BE69: 3.9146848e+12 | BF69: 4.1502725e+12 | BG69: 3.8457742e+12 | BH69: 2.9216883e+12 | BI69: 2.7778678e+12 | BJ69: 3.118425e+12 | BK69: 3.1829099e+12 | BL69: 3.2480442e+12 | BM69: 2.9908966e+12 | BN69: 3.5816777e+12 | BO69: 4.1247e+12
A70: Europe & Central Asia | B70: ECS | C70: GDP (current US$) | D70: NY.GDP.MKTP.CD | K70: 7.3919174e+11 | L70: 7.9605994e+11 | M70: 8.3272128e+11 | N70: 9.2104362e+11 | O70: 1.0194169e+12 | P70: 1.1493655e+12 | Q70: 1.3771308e+12 | R70: 1.7491695e+12 | S70: 1.9764904e+12 | T70: 2.3089132e+12 | U70: 2.4001249e+12 | V70: 2.7200759e+12 | W70: 3.3198171e+12 | X70: 4.0612086e+12 | Y70: 4.5999447e+12 | Z70: 4.0939716e+12 | AA70: 3.9452374e+12 | AB70: 3.8273256e+12 | AC70: 3.6786036e+12 | AD70: 3.8067961e+12 | AE70: 5.1960052e+12 | AF70: 6.4206018e+12 | AG70: 7.1470359e+12 | AH70: 7.2420682e+12 | AI70: 8.8600014e+12 | AJ70: 9.1399504e+12 | AK70: 9.8015384e+12 | AL70: 9.0030419e+12 | AM70: 9.412894e+12 | AN70: 1.0871362e+13 | AO70: 1.109621e+13 | AP70: 1.0522983e+13 | AQ70: 1.0795976e+13 | AR70: 1.0678008e+13 | AS70: 1.0066422e+13 | AT70: 1.0167228e+13 | AU70: 1.1134373e+13 | AV70: 1.3536888e+13 | AW70: 1.57771e+13 | AX70: 1.6782544e+13 | AY70: 1.8169184e+13 | AZ70: 2.1230056e+13 | BA70: 2.3365418e+13 | BB70: 2.0549545e+13 | BC70: 2.1022098e+13 | BD70: 2.3307862e+13 | BE70: 2.2452883e+13 | BF70: 2.345612e+13 | BG70: 2.3783763e+13 | BH70: 2.0487299e+13 | BI70: 2.041951e+13 | BJ70: 2.1655201e+13 | BK70: 2.3193778e+13 | BL70: 2.2910271e+13 | BM70: 2.2150022e+13 | BN70: 2.5153884e+13 | BO70: 2.5192038e+13
A71: Ecuador | B71: ECU | C71: GDP (current US$) | D71: NY.GDP.MKTP.CD | E71: 2.0694653e+09 | F71: 1.7538504e+09 | G71: 1.5182082e+09 | H71: 1.8243445e+09 | I71: 2.2441469e+09 | J71: 2.3870483e+09 | K71: 2.4293095e+09 | L71: 2.5535961e+09 | M71: 2.5821808e+09 | N71: 3.1121668e+09 | O71: 2.8625042e+09 | P71: 2.7542203e+09 | Q71: 3.1859872e+09 | R71: 3.8917556e+09 | S71: 6.5992594e+09 | T71: 7.7316773e+09 | U71: 9.0919243e+09 | V71: 1.1026347e+10 | W71: 1.1922502e+10 | X71: 1.4175166e+10 | Y71: 1.7881515e+10 | Z71: 2.1810767e+10 | AA71: 1.9929854e+10 | AB71: 1.7152483e+10 | AC71: 1.6912515e+10 | AD71: 1.7149095e+10 | AE71: 1.5314144e+10 | AF71: 1.3945432e+10 | AG71: 1.3051887e+10 | AH71: 1.3890829e+10 | AI71: 1.5239278e+10 | AJ71: 1.6988535e+10 | AK71: 1.8094238e+10 | AL71: 1.8938717e+10 | AM71: 2.2708673e+10 | AN71: 2.4432884e+10 | AO71: 2.5226393e+10 | AP71: 2.8162053e+10 | AQ71: 2.7981897e+10 | AR71: 1.9645273e+10 | AS71: 1.8327765e+10 | AT71: 24468324000 | AU71: 28548945000 | AV71: 32432858000 | AW71: 36591661000 | AX71: 41507085000 | AY71: 46802044000 | AZ71: 51007777000 | BA71: 61762635000 | BB71: 62519686000 | BC71: 69555367000 | BD71: 79276664000 | BE71: 87924544000 | BF71: 95129659000 | BG71: 101726331000 | BH71: 99290381000 | BI71: 99937696000 | BJ71: 104295862000 | BK71: 107562008000 | BL71: 108108009000 | BM71: 99291124000 | BN71: 106165866000 | BO71: 115049476000
A72: Egypt, Arab Rep. | B72: EGY | C72: GDP (current US$) | D72: NY.GDP.MKTP.CD | J72: 4.9486675e+09 | K72: 5.2780056e+09 | L72: 5.6054843e+09 | M72: 5.932243e+09 | N72: 6.5244552e+09 | O72: 8.0422005e+09 | P72: 8.6092833e+09 | Q72: 9.2996381e+09 | R72: 1.0098535e+10 | S72: 9.2289632e+09 | T72: 1.1632179e+10 | U72: 1.3315988e+10 | V72: 1.4400807e+10 | W72: 1.4811704e+10 | X72: 1.8020571e+10 | Y72: 2.1669908e+10 | Z72: 2.2136081e+10 | AA72: 2.7655172e+10 | AB72: 3.096624e+10 | AC72: 3.3971189e+10 | AD72: 3.9053502e+10 | AE72: 4.1253508e+10 | AF72: 4.0455617e+10 | AG72: 3.4980125e+10 | AH72: 3.9756299e+10 | AI72: 4.2978914e+10 | AJ72: 3.7387836e+10 | AK72: 4.1855987e+10 | AL72: 4.6578631e+10 | AM72: 5.1897983e+10 | AN72: 6.0159245e+10 | AO72: 6.7629717e+10 | AP72: 7.8436578e+10 | AQ72: 8.4828808e+10 | AR72: 9.0710705e+10 | AS72: 9.9838544e+10 | AT72: 9.6684636e+10 | AU72: 8.5146067e+10 | AV72: 8.0288462e+10 | AW72: 7.8782468e+10 | AX72: 8.9600666e+10 | AY72: 1.0742609e+11 | AZ72: 1.3043783e+11 | BA72: 1.6281818e+11 | BB72: 1.8914701e+11 | BC72: 2.1898367e+11 | BD72: 2.3598967e+11 | BE72: 2.7911667e+11 | BF72: 2.8843411e+11 | BG72: 3.0559541e+11 | BH72: 3.2936658e+11 | BI72: 3.3244172e+11 | BJ72: 2.4836277e+11 | BK72: 2.6258863e+11 | BL72: 3.1867882e+11 | BM72: 3.8381784e+11 | BN72: 4.2467177e+11 | BO72: 4.7674772e+11
A73: Euro area | B73: EMU | C73: GDP (current US$) | D73: NY.GDP.MKTP.CD | E73: 2.4483298e+11 | F73: 2.6896521e+11 | G73: 2.9881907e+11 | H73: 3.3534177e+11 | I73: 3.7302415e+11 | J73: 4.0774057e+11 | K73: 4.4488275e+11 | L73: 4.8341861e+11 | M73: 5.1899168e+11 | N73: 5.793329e+11 | O73: 6.4261821e+11 | P73: 7.2835069e+11 | Q73: 8.7986645e+11 | R73: 1.1422368e+12 | S73: 1.2953699e+12 | T73: 1.5019987e+12 | U73: 1.5674958e+12 | V73: 1.7829783e+12 | W73: 2.1833439e+12 | X73: 2.6448338e+12 | Y73: 2.9621811e+12 | Z73: 2.5743752e+12 | AA73: 2.4924953e+12 | AB73: 2.431611e+12 | AC73: 2.3324032e+12 | AD73: 2.3961849e+12 | AE73: 3.3629074e+12 | AF73: 4.1594315e+12 | AG73: 4.5745215e+12 | AH73: 4.6726894e+12 | AI73: 5.880688e+12 | AJ73: 6.1141229e+12 | AK73: 6.7456182e+12 | AL73: 6.1724718e+12 | AM73: 6.5156178e+12 | AN73: 7.5154528e+12 | AO73: 7.6043585e+12 | AP73: 6.9521896e+12 | AQ73: 7.149215e+12 | AR73: 7.1162127e+12 | AS73: 6.4957551e+12 | AT73: 6.5965868e+12 | AU73: 7.2001567e+12 | AV73: 8.8623308e+12 | AW73: 1.0160399e+13 | AX73: 1.0523525e+13 | AY73: 1.1184045e+13 | AZ73: 1.2879112e+13 | BA73: 1.4158258e+13 | BB73: 1.2938507e+13 | BC73: 1.2641746e+13 | BD73: 1.3637891e+13 | BE73: 1.2638777e+13 | BF73: 1.3196294e+13 | BG73: 1.351007e+13 | BH73: 1.1675506e+13 | BI73: 1.1973696e+13 | BJ73: 1.2679719e+13 | BK73: 1.3698193e+13 | BL73: 1.3418361e+13 | BM73: 1.3086148e+13 | BN73: 1.4570892e+13 | BO73: 1.4040894e+13
A74: Eritrea | B74: ERI | C74: GDP (current US$) | D74: NY.GDP.MKTP.CD | AK74: 4.7710165e+08 | AL74: 4.6787271e+08 | AM74: 5.3168831e+08 | AN74: 578015625 | AO74: 6.9353595e+08 | AP74: 6.8649009e+08 | AQ74: 7.4552307e+08 | AR74: 6.8891851e+08 | AS74: 7.0637082e+08 | AT74: 7.5237168e+08 | AU74: 7.2932167e+08 | AV74: 8.7024829e+08 | AW74: 1.109054e+09 | AX74: 1.0984247e+09 | AY74: 1.2111619e+09 | AZ74: 1.3179745e+09 | BA74: 1380188800 | BB74: 1.8566956e+09 | BC74: 1.5895154e+09 | BD74: 2.0650016e+09
A75: Spain | B75: ESP | C75: GDP (current US$) | D75: NY.GDP.MKTP.CD | E75: 1.2072126e+10 | F75: 1.3834301e+10 | G75: 1.6138545e+10 | H75: 1.9074914e+10 | I75: 2.1343845e+10 | J75: 2.4756959e+10 | K75: 2.8721062e+10 | L75: 3.1647119e+10 | M75: 3.1475548e+10 | N75: 3.6038712e+10 | O75: 4.0992995e+10 | P75: 4.661942e+10 | Q75: 5.9132415e+10 | R75: 7.8639526e+10 | S75: 9.7274006e+10 | T75: 1.1477705e+11 | U75: 1.1850718e+11 | V75: 1.3244928e+11 | W75: 160599687500 | X75: 2.1460196e+11 | Y75: 2.3276682e+11 | Z75: 2.0280789e+11 | AA75: 1.9599675e+11 | AB75: 1.7095119e+11 | AC75: 1.7210291e+11 | AD75: 1.8079346e+11 | AE75: 2.5132108e+11 | AF75: 3.1874794e+11 | AG75: 3.7616041e+11 | AH75: 4.1475706e+11 | AI75: 5.3655859e+11 | AJ75: 5.7716617e+11 | AK75: 6.3091602e+11 | AL75: 5.2507564e+11 | AM75: 5.3056263e+11 | AN75: 6.1460902e+11 | AO75: 6.4258899e+11 | AP75: 5.9007727e+11 | AQ75: 6.1921483e+11 | AR75: 6.3490754e+11 | AS75: 5.9836331e+11 | AT75: 6.2783003e+11 | AU75: 7.0875668e+11 | AV75: 9.0749152e+11 | AW75: 1.0690557e+12 | AX75: 1.1537158e+12 | AY75: 1.260399e+12 | AZ75: 1474002579820 | BA75: 1.6318635e+12 | BB75: 1.4914729e+12 | BC75: 1.4221082e+12 | BD75: 1.4807105e+12 | BE75: 1324750738725 | BF75: 1.3555795e+12 | BG75: 1.3718205e+12 | BH75: 1.196157e+12 | BI75: 1.233555e+12 | BJ75: 1.3132453e+12 | BK75: 1.4217027e+12 | BL75: 1.3943201e+12 | BM75: 1.2769627e+12 | BN75: 1.4273807e+12 | BO75: 1.3975093e+12
A76: Estonia | B76: EST | C76: GDP (current US$) | D76: NY.GDP.MKTP.CD | AN76: 4.5029709e+09 | AO76: 4.786019e+09 | AP76: 5.1544206e+09 | AQ76: 5.6740805e+09 | AR76: 5.7569123e+09 | AS76: 5.6865797e+09 | AT76: 6.2546495e+09 | AU76: 7.3679759e+09 | AV76: 9.8740131e+09 | AW76: 1.2145912e+10 | AX76: 1.410679e+10 | AY76: 1.702287e+10 | AZ76: 2.2449129e+10 | BA76: 2.4341679e+10 | BB76: 1.9633031e+10 | BC76: 1.9523477e+10 | BD76: 2.3213994e+10 | BE76: 2.301915e+10 | BF76: 2.5115753e+10 | BG76: 2.6634084e+10 | BH76: 2.2890762e+10 | BI76: 2.4072829e+10 | BJ76: 2.6924385e+10 | BK76: 3.062472e+10 | BL76: 3.1081902e+10 | BM76: 3.1370396e+10 | BN76: 3.7191166e+10 | BO76: 3.8100813e+10
A77: Ethiopia | B77: ETH | C77: GDP (current US$) | D77: NY.GDP.MKTP.CD | Z77: 7.3249032e+09 | AA77: 7.707678e+09 | AB77: 8.5678908e+09 | AC77: 8.0963024e+09 | AD77: 9.4808405e+09 | AE77: 9.8486009e+09 | AF77: 1.0527339e+10 | AG77: 1.0908936e+10 | AH77: 1.1476585e+10 | AI77: 1.2175167e+10 | AJ77: 1.3463868e+10 | AK77: 1.0492993e+10 | AL77: 8.8307127e+09 | AM77: 6.9279506e+09 | AN77: 7.6639846e+09 | AO77: 8.5479397e+09 | AP77: 8.5892334e+09 | AQ77: 7.818206e+09 | AR77: 7.7008335e+09 | AS77: 8.24235e+09 | AT77: 8.231326e+09 | AU77: 7.8508095e+09 | AV77: 8.6236913e+09 | AW77: 1.0131187e+10 | AX77: 1.2401139e+10 | AY77: 1.5280862e+10 | AZ77: 1.9707617e+10 | BA77: 2.7066913e+10 | BB77: 3.2437389e+10 | BC77: 2.993379e+10 | BD77: 3.1952763e+10 | BE77: 4.3310721e+10 | BF77: 4.7648276e+10 | BG77: 5.5612228e+10 | BH77: 6.4589329e+10 | BI77: 7.4296746e+10 | BJ77: 8.1770887e+10 | BK77: 8.4269196e+10 | BL77: 9.5912608e+10 | BM77: 1.0765773e+11 | BN77: 1.1126188e+11 | BO77: 1.2678347e+11
A78: European Union | B78: EUU | C78: GDP (current US$) | D78: NY.GDP.MKTP.CD | O78: 7.2588227e+11 | P78: 8.2075772e+11 | Q78: 9.9036203e+11 | R78: 1.2819344e+12 | S78: 1.4516521e+12 | T78: 1.6907617e+12 | U78: 1.7699353e+12 | V78: 2.004765e+12 | W78: 2.4425327e+12 | X78: 2.9526412e+12 | Y78: 3.3029603e+12 | Z78: 2.8797899e+12 | AA78: 2.7771896e+12 | AB78: 2.7018879e+12 | AC78: 2.6032207e+12 | AD78: 2.6774808e+12 | AE78: 3.7437909e+12 | AF78: 4.630938e+12 | AG78: 5.0839427e+12 | AH78: 5.1930463e+12 | AI78: 6.4977627e+12 | AJ78: 6.7359216e+12 | AK78: 7.4063442e+12 | AL78: 6.7611633e+12 | AM78: 7.1619274e+12 | AN78: 8.2958331e+12 | AO78: 8.4313576e+12 | AP78: 7.7337743e+12 | AQ78: 7.9698289e+12 | AR78: 7.9258758e+12 | AS78: 7.276638e+12 | AT78: 7.393879e+12 | AU78: 8.0837413e+12 | AV78: 9932175155886 | AW78: 1.1418922e+13 | AX78: 11910059838304 | AY78: 1.2712565e+13 | AZ78: 1.4727376e+13 | BA78: 1.6295205e+13 | BB78: 1.4762589e+13 | BC78: 1.4555973e+13 | BD78: 15764817006877 | BE78: 1.4641967e+13 | BF78: 1.5294848e+13 | BG78: 15650588620202 | BH78: 13553055207692 | BI78: 1.3889039e+13 | BJ78: 1.4764669e+13 | BK78: 1.5979882e+13 | BL78: 15692624900173 | BM78: 1.5370461e+13 | BN78: 1.718787e+13 | BO78: 1.6641392e+13
A79: Fragile and conflict affected situations | B79: FCS | C79: GDP (current US$) | D79: NY.GDP.MKTP.CD | M79: 4.757306e+10 | N79: 5.3047001e+10 | O79: 6.4779731e+10 | P79: 6.5674584e+10 | Q79: 7.5186521e+10 | R79: 9.2162608e+10 | S79: 1.3711631e+11 | T79: 1.5385339e+11 | U79: 1.810384e+11 | V79: 1.990226e+11 | W79: 2.2169677e+11 | X79: 2.7837186e+11 | Y79: 3.4925127e+11 | Z79: 4.8707367e+11 | AA79: 4.6609336e+11 | AB79: 3.9696941e+11 | AC79: 3.5869979e+11 | AD79: 3.6645135e+11 | AE79: 3.5557692e+11 | AF79: 3.6634347e+11 | AG79: 3.8389598e+11 | AH79: 3.8133107e+11 | AI79: 5.5146419e+11 | AJ79: 3.8163423e+11 | AK79: 3.4777461e+11 | AL79: 3.2648264e+11 | AM79: 3.1438012e+11 | AN79: 3.6197854e+11 | AO79: 3.7417836e+11 | AP79: 4.2402195e+11 | AQ79: 4.1978761e+11 | AR79: 4.5238144e+11 | AS79: 5.2592349e+11 | AT79: 5.2482061e+11 | AU79: 5.1512862e+11 | AV79: 5.4010189e+11 | AW79: 6.8120219e+11 | AX79: 8.5624375e+11 | AY79: 1.0606264e+12 | AZ79: 1.2915808e+12 | BA79: 1.6362261e+12 | BB79: 1.512317e+12 | BC79: 1.7894238e+12 | BD79: 1.682955e+12 | BE79: 1.8860278e+12 | BF79: 1.9577376e+12 | BG79: 2.0770474e+12 | BH79: 1.65906e+12 | BI79: 1.5553524e+12 | BJ79: 1.6455408e+12 | BK79: 1.7302872e+12 | BL79: 1.826389e+12 | BM79: 1.6630724e+12 | BN79: 1.7834916e+12 | BO79: 1892553416324
A80: Finland | B80: FIN | C80: GDP (current US$) | D80: NY.GDP.MKTP.CD | E80: 5.2241022e+09 | F80: 5.9216595e+09 | G80: 6.3405809e+09 | H80: 6.8859203e+09 | I80: 7.7666551e+09 | J80: 8.58934e+09 | K80: 9.2085245e+09 | L80: 9.368954e+09 | M80: 8.8230339e+09 | N80: 1.0070767e+10 | O80: 1.1357517e+10 | P80: 1.2527406e+10 | Q80: 1.4743186e+10 | R80: 1.9472363e+10 | S80: 2.4848821e+10 | T80: 2.9472623e+10 | U80: 3.1849514e+10 | V80: 3.3499799e+10 | W80: 3.625616e+10 | X80: 4.4465256e+10 | Y80: 5.3645202e+10 | Z80: 5.2448333e+10 | AA80: 5.2797582e+10 | AB80: 5.0973527e+10 | AC80: 5.2888801e+10 | AD80: 5.5875863e+10 | AE80: 7.3531551e+10 | AF80: 9.1594752e+10 | AG80: 1.0905899e+11 | AH80: 1.1901205e+11 | AI80: 1.4143835e+11 | AJ80: 1.2777386e+11 | AK80: 1.1253252e+11 | AL80: 8.9214115e+10 | AM80: 1.0329994e+11 | AN80: 1.3418981e+11 | AO80: 1.3212917e+11 | AP80: 1.2691215e+11 | AQ80: 1.3403872e+11 | AR80: 1.3526408e+11 | AS80: 1.2601954e+11 | AT80: 1.2953311e+11 | AU80: 1.4040446e+11 | AV80: 1.7165246e+11 | AW80: 1.9747944e+11 | AX80: 2.0488549e+11 | AY80: 2.1708927e+11 | AZ80: 2.5637807e+11 | BA80: 2.8571631e+11 | BB80: 2.5349752e+11 | BC80: 2.4942431e+11 | BD80: 2.7560436e+11 | BE80: 2.5829006e+11 | BF80: 2.7136241e+11 | BG80: 2.7486283e+11 | BH80: 2.3453438e+11 | BI80: 2.4077135e+11 | BJ80: 2.5564798e+11 | BK80: 2.75708e+11 | BL80: 2.6851492e+11 | BM80: 2.7188608e+11 | BN80: 2.9638763e+11 | BO80: 2.8082596e+11
A81: Fiji | B81: FJI | C81: GDP (current US$) | D81: NY.GDP.MKTP.CD | E81: 1.1232842e+08 | F81: 1.1698778e+08 | G81: 1.2290643e+08 | H81: 1.2945473e+08 | I81: 1.4003274e+08 | J81: 1.4708475e+08 | K81: 1.5060393e+08 | L81: 1.6262589e+08 | M81: 1.6695294e+08 | N81: 1.8218207e+08 | O81: 2.1987848e+08 | P81: 2.4774933e+08 | Q81: 3.1665676e+08 | R81: 4.2595058e+08 | S81: 5.5858722e+08 | T81: 6.8428238e+08 | U81: 6.9454049e+08 | V81: 7.1950151e+08 | W81: 8.2926814e+08 | X81: 1.0196912e+09 | Y81: 1.2026193e+09 | Z81: 1.2356274e+09 | AA81: 1.1940604e+09 | AB81: 1.1230848e+09 | AC81: 1.178001e+09 | AD81: 1.1411688e+09 | AE81: 1.2902675e+09 | AF81: 1.1779476e+09 | AG81: 1.1100093e+09 | AH81: 1182660000 | AI81: 1.3370173e+09 | AJ81: 1.3838837e+09 | AK81: 1.5324112e+09 | AL81: 1.6361012e+09 | AM81: 1.8257321e+09 | AN81: 1.970301e+09 | AO81: 2.1286966e+09 | AP81: 2.0902211e+09 | AQ81: 1.653147e+09 | AR81: 1.93646e+09 | AS81: 1.6782195e+09 | AT81: 1.6524621e+09 | AU81: 1.83328e+09 | AV81: 2.300492e+09 | AW81: 2.7080785e+09 | AX81: 2.9804035e+09 | AY81: 3.0763055e+09 | AZ81: 3.3783146e+09 | BA81: 3.5231859e+09 | BB81: 2.8706246e+09 | BC81: 3.1401672e+09 | BD81: 3.7794123e+09 | BE81: 3.9720285e+09 | BF81: 4.1899689e+09 | BG81: 4.8571038e+09 | BH81: 4.6824803e+09 | BI81: 4.9302138e+09 | BJ81: 5.3534684e+09 | BK81: 5.5814259e+09 | BL81: 5.4816926e+09 | BM81: 4.4770302e+09 | BN81: 4.2962354e+09 | BO81: 4.9432482e+09
A82: France | B82: FRA | C82: GDP (current US$) | D82: NY.GDP.MKTP.CD | E82: 6.2225478e+10 | F82: 6.7461644e+10 | G82: 7.560753e+10 | H82: 8.4759195e+10 | I82: 9.4007851e+10 | J82: 1.0153725e+11 | K82: 1.1004585e+11 | L82: 1.1897298e+11 | M82: 1.2978544e+11 | N82: 1.4190307e+11 | O82: 1.4845636e+11 | P82: 1.6596662e+11 | Q82: 2.0349415e+11 | R82: 2.6442988e+11 | S82: 2.8555237e+11 | T82: 3.6083219e+11 | U82: 3.7231904e+11 | V82: 4.1027949e+11 | W82: 5.0670785e+11 | X82: 6.1395313e+11 | Y82: 7.0128842e+11 | Z82: 6.155522e+11 | AA82: 5.8487773e+11 | AB82: 5.5986918e+11 | AC82: 5.3068378e+11 | AD82: 5.5313841e+11 | AE82: 7.7147078e+11 | AF82: 9.3417331e+11 | AG82: 1.018847e+12 | AH82: 1.0252118e+12 | AI82: 1.2691796e+12 | AJ82: 1.2692768e+12 | AK82: 1.4014659e+12 | AL82: 1322815612694 | AM82: 1.3939828e+12 | AN82: 1.6010948e+12 | AO82: 1.6056751e+12 | AP82: 1.4528849e+12 | AQ82: 1.5031087e+12 | AR82: 1.4931517e+12 | AS82: 1.3656397e+12 | AT82: 1.3776573e+12 | AU82: 1.5014094e+12 | AV82: 1.8445448e+12 | AW82: 2.1196332e+12 | AX82: 2.1969452e+12 | AY82: 2.3205362e+12 | AZ82: 2.6605912e+12 | BA82: 2.9303038e+12 | BB82: 2.7008874e+12 | BC82: 2.6451879e+12 | BD82: 2.8651575e+12 | BE82: 2.6836717e+12 | BF82: 2.8118769e+12 | BG82: 2.8559645e+12 | BH82: 2.4391886e+12 | BI82: 2.4729643e+12 | BJ82: 2.595151e+12 | BK82: 2.7909569e+12 | BL82: 2.7288702e+12 | BM82: 2.6390087e+12 | BN82: 2.9578798e+12 | BO82: 2.7829053e+12
A83: Faroe Islands | B83: FRO | C83: GDP (current US$) | D83: NY.GDP.MKTP.CD | AQ83: 1.1047443e+09 | AR83: 1.1276848e+09 | AS83: 1.0671095e+09 | AT83: 1.1602681e+09 | AU83: 1.2750937e+09 | AV83: 1.5019415e+09 | AW83: 1.7247709e+09 | AX83: 1.7597396e+09 | AY83: 2.0176807e+09 | AZ83: 2.3390154e+09 | BA83: 2.4898733e+09 | BB83: 2.2960653e+09 | BC83: 2.3317968e+09 | BD83: 2.5057409e+09 | BE83: 2.4272006e+09 | BF83: 2.6901107e+09 | BG83: 2.9140129e+09 | BH83: 2.573906e+09 | BI83: 2.8132788e+09 | BJ83: 2.9800572e+09 | BK83: 3.188601e+09 | BL83: 3.2756841e+09 | BM83: 3.248671e+09 | BN83: 3.6498787e+09
A84: Micronesia, Fed. Sts. | B84: FSM | C84: GDP (current US$) | D84: NY.GDP.MKTP.CD | AB84: 106500000 | AE84: 112210000 | AF84: 116700000 | AG84: 124700000 | AH84: 135200000 | AI84: 147200000 | AJ84: 166200000 | AK84: 178100000 | AL84: 198400000 | AM84: 202500000 | AN84: 221575300 | AO84: 218534700 | AP84: 206626300 | AQ84: 218873100 | AR84: 220140500 | AS84: 233271800 | AT84: 240970900 | AU84: 242517200 | AV84: 245432900 | AW84: 240236000 | AX84: 250281900 | AY84: 253541900 | AZ84: 256787200 | BA84: 263145100 | BB84: 280284600 | BC84: 296944100 | BD84: 311301600 | BE84: 327248700 | BF84: 317214400 | BG84: 319271200 | BH84: 316489900 | BI84: 332265200 | BJ84: 366666800 | BK84: 401932300 | BL84: 412000000 | BM84: 408000000 | BN84: 404028900 | BO84: 4.2709412e+08
A85: Gabon | B85: GAB | C85: GDP (current US$) | D85: NY.GDP.MKTP.CD | E85: 1.4146898e+08 | F85: 1.6763791e+08 | G85: 1.8279654e+08 | H85: 1.5448024e+08 | I85: 2.1567986e+08 | J85: 2.2647429e+08 | K85: 2.4584978e+08 | L85: 2.7154368e+08 | M85: 2.9446856e+08 | N85: 3.181247e+08 | O85: 3.2380248e+08 | P85: 3.8168707e+08 | Q85: 4.3050836e+08 | R85: 7.227807e+08 | S85: 1.544216e+09 | T85: 2.1575929e+09 | U85: 3.00941e+09 | V85: 2.8093491e+09 | W85: 2.3894793e+09 | X85: 3.0302511e+09 | Y85: 4.2796379e+09 | Z85: 3.8622691e+09 | AA85: 3.6180078e+09 | AB85: 3.3912757e+09 | AC85: 3.5614516e+09 | AD85: 3.3399148e+09 | AE85: 3.4036382e+09 | AF85: 3.281797e+09 | AG85: 3.8345034e+09 | AH85: 4.1864115e+09 | AI85: 5.9522938e+09 | AJ85: 5.4029198e+09 | AK85: 5.5923908e+09 | AL85: 4.3786451e+09 | AM85: 4.1908193e+09 | AN85: 4.9588456e+09 | AO85: 5.69404e+09 | AP85: 5.3268171e+09 | AQ85: 4.4834173e+09 | AR85: 4.662992e+09 | AS85: 5.0804836e+09 | AT85: 5.0232654e+09 | AU85: 5.3354511e+09 | AV85: 6.5119034e+09 | AW85: 7.770219e+09 | AX85: 9.582784e+09 | AY85: 1.0327598e+10 | AZ85: 1.245541e+10 | BA85: 1.5571348e+10 | BB85: 1.2113699e+10 | BC85: 1.4372593e+10 | BD85: 1.8210308e+10 | BE85: 1.7170464e+10 | BF85: 1.7595745e+10 | BG85: 1.8203967e+10 | BH85: 1.4383108e+10 | BI85: 1.402389e+10 | BJ85: 1.4929487e+10 | BK85: 1.6867326e+10 | BL85: 1.6874405e+10 | BM85: 1.5314577e+10 | BN85: 2.0217947e+10 | BO85: 2.1071739e+10
A86: United Kingdom | B86: GBR | C86: GDP (current US$) | D86: NY.GDP.MKTP.CD | E86: 7.3233971e+10 | F86: 7.7741969e+10 | G86: 8.1247568e+10 | H86: 8.6561966e+10 | I86: 9.4407562e+10 | J86: 1.0182476e+11 | K86: 1.0857276e+11 | L86: 1.1311688e+11 | M86: 1.0775991e+11 | N86: 1.1646471e+11 | O86: 1.306823e+11 | P86: 1.481066e+11 | Q86: 1.6996908e+11 | R86: 1.9255168e+11 | S86: 2.0615236e+11 | T86: 2.4173462e+11 | U86: 2.3261045e+11 | V86: 2.6307931e+11 | W86: 3.3588008e+11 | X86: 4.3901158e+11 | Y86: 5.6495428e+11 | Z86: 5.4072076e+11 | AA86: 5.1500678e+11 | AB86: 4.8959976e+11 | AC86: 4.6148301e+11 | AD86: 4.8925628e+11 | AE86: 6.01455e+11 | AF86: 7.4513034e+11 | AG86: 9.1017103e+11 | AH86: 9.2692614e+11 | AI86: 1.0932137e+12 | AJ86: 1.1427663e+12 | AK86: 1.179713e+12 | AL86: 1.0614579e+12 | AM86: 1.1404433e+12 | AN86: 1.346252e+12 | AO86: 1.4217119e+12 | AP86: 1.5617151e+12 | AQ86: 1.6549966e+12 | AR86: 1.6894077e+12 | AS86: 1.6660488e+12 | AT86: 1648765214387 | AU86: 1.7857814e+12 | AV86: 2.0567046e+12 | AW86: 2.4230473e+12 | AX86: 2.5448132e+12 | AY86: 2.7099782e+12 | AZ86: 3.0929965e+12 | BA86: 2.9316837e+12 | BB86: 2.4175657e+12 | BC86: 2.4913975e+12 | BD86: 2.666403e+12 | BE86: 2.706341e+12 | BF86: 2.7863152e+12 | BG86: 3.0652233e+12 | BH86: 2.9348579e+12 | BI86: 2.6996597e+12 | BJ86: 2.6834885e+12 | BK86: 2.8781521e+12 | BL86: 2.8570578e+12 | BM86: 2.7046092e+12 | BN86: 3.1224803e+12 | BO86: 3.0706677e+12
A87: Georgia | B87: GEO | C87: GDP (current US$) | D87: NY.GDP.MKTP.CD | AI87: 7.7535019e+09 | AJ87: 6.3576159e+09 | AK87: 3.690329e+09 | AL87: 2.7011813e+09 | AM87: 2.5140708e+09 | AN87: 2.6937684e+09 | AO87: 3.0950476e+09 | AP87: 3.5105202e+09 | AQ87: 3.6134982e+09 | AR87: 2.8000263e+09 | AS87: 3.0574753e+09 | AT87: 3.2194628e+09 | AU87: 3.3957667e+09 | AV87: 3.9913779e+09 | AW87: 5.1253652e+09 | AX87: 6.410912e+09 | AY87: 7.7452493e+09 | AZ87: 1.0172933e+10 | BA87: 1.2795148e+10 | BB87: 1.0766919e+10 | BC87: 1.2243219e+10 | BD87: 1.5107482e+10 | BE87: 1.6488819e+10 | BF87: 1.7190068e+10 | BG87: 1.7627336e+10 | BH87: 1.4953676e+10 | BI87: 1.5141599e+10 | BJ87: 1.6242647e+10 | BK87: 1.7596922e+10 | BL87: 1.7470436e+10 | BM87: 1.5842923e+10 | BN87: 1.8629366e+10 | BO87: 2.4605375e+10
A88: Ghana | B88: GHA | C88: GDP (current US$) | D88: NY.GDP.MKTP.CD | E88: 1.2172301e+09 | F88: 1.3026743e+09 | G88: 1.3825157e+09 | H88: 1.5407976e+09 | I88: 1.7312962e+09 | J88: 2.053463e+09 | K88: 2.1263007e+09 | L88: 1.7471876e+09 | M88: 1.6669095e+09 | N88: 1.9620506e+09 | O88: 2.2150286e+09 | P88: 2.4171086e+09 | Q88: 2.1122933e+09 | R88: 3.0067668e+09 | S88: 2.8944099e+09 | T88: 2.8101064e+09 | U88: 2.7652542e+09 | V88: 3.1894286e+09 | W88: 3.6624782e+09 | X88: 4.0202279e+09 | Y88: 4.4452282e+09 | Z88: 4.2224416e+09 | AA88: 4.0359944e+09 | AB88: 4.057275e+09 | AC88: 4.4122798e+09 | AD88: 4.5043421e+09 | AE88: 5.7359214e+09 | AF88: 5.0748299e+09 | AG88: 5.197841e+09 | AH88: 5.2517643e+09 | AI88: 5.8891748e+09 | AJ88: 6.60313e+09 | AK88: 6.4160793e+09 | AL88: 5.9689057e+09 | AM88: 5.4463701e+09 | AN88: 6.4643897e+09 | AO88: 6.9329846e+09 | AP88: 6.8914338e+09 | AQ88: 7.4820724e+09 | AR88: 7.7181108e+09 | AS88: 4.9828491e+09 | AT88: 5.3148717e+09 | AU88: 6.1661972e+09 | AV88: 7.6327207e+09 | AW88: 8.8814193e+09 | AX88: 1.0744563e+10 | AY88: 2.0885042e+10 | AZ88: 2.4827334e+10 | BA88: 2.8679383e+10 | BB88: 2.6048726e+10 | BC88: 3.2197648e+10 | BD88: 3.9336668e+10 | BE88: 4.1271709e+10 | BF88: 6.2824629e+10 | BG88: 5.4783321e+10 | BH88: 4.9406014e+10 | BI88: 5.6164933e+10 | BJ88: 6.040592e+10 | BK88: 6.7298914e+10 | BL88: 6.8337974e+10 | BM88: 7.0043096e+10 | BN88: 7.9156409e+10 | BO88: 7.2838799e+10
A89: Gibraltar | B89: GIB | C89: GDP (current US$) | D89: NY.GDP.MKTP.CD
A90: Guinea | B90: GIN | C90: GDP (current US$) | D90: NY.GDP.MKTP.CD | AE90: 1.9951867e+09 | AF90: 2.041538e+09 | AG90: 2.3842958e+09 | AH90: 2.4320293e+09 | AI90: 2.6667508e+09 | AJ90: 3.0150582e+09 | AK90: 3.2846204e+09 | AL90: 3.2790965e+09 | AM90: 3.3830928e+09 | AN90: 3.6937105e+09 | AO90: 3.8689684e+09 | AP90: 3.7837005e+09 | AQ90: 3.5883756e+09 | AR90: 3.4612825e+09 | AS90: 2.9953611e+09 | AT90: 2.8294359e+09 | AU90: 2.9501987e+09 | AV90: 3.4464418e+09 | AW90: 3.6354582e+09 | AX90: 2.9370717e+09 | AY90: 4.2200192e+09 | AZ90: 6.2819176e+09 | BA90: 6.9641792e+09 | BB90: 6.7169045e+09 | BC90: 6.8534678e+09 | BD90: 6.7851372e+09 | BE90: 7.6380452e+09 | BF90: 8.3766139e+09 | BG90: 8.7784736e+09 | BH90: 8.7942024e+09 | BI90: 8.5959556e+09 | BJ90: 1.0324668e+10 | BK90: 1.185703e+10 | BL90: 1.3442861e+10 | BM90: 1.4177836e+10 | BN90: 1.6091818e+10 | BO90: 2.1227749e+10
A91: Gambia, The | B91: GMB | C91: GDP (current US$) | D91: NY.GDP.MKTP.CD | K91: 44212088 | L91: 46695009 | M91: 41160066 | N91: 45168072 | O91: 52296084 | P91: 55728656 | Q91: 59160576 | R91: 75187768 | S91: 95796034 | T91: 1.1517974e+08 | U91: 1.1219082e+08 | V91: 1.3809311e+08 | W91: 1.7183306e+08 | X91: 2.0711265e+08 | Y91: 2.4108311e+08 | Z91: 2.1876772e+08 | AA91: 2.1605053e+08 | AB91: 2.1344862e+08 | AC91: 1.7734088e+08 | AD91: 2.2572637e+08 | AE91: 1.8564698e+08 | AF91: 2.2062648e+08 | AG91: 2.666722e+08 | AH91: 2.8412033e+08 | AI91: 3.1708369e+08 | AJ91: 6.9031109e+08 | AK91: 7.1425426e+08 | AL91: 7.5504094e+08 | AM91: 7.4649396e+08 | AN91: 7.8599988e+08 | AO91: 8.4823941e+08 | AP91: 8.0363337e+08 | AQ91: 8.4028526e+08 | AR91: 8.1472406e+08 | AS91: 7.8291387e+08 | AT91: 6.8741063e+08 | AU91: 5.7823531e+08 | AV91: 4.8703868e+08 | AW91: 9.6190064e+08 | AX91: 1.0277011e+09 | AY91: 1.0541125e+09 | AZ91: 1.279703e+09 | BA91: 1.561767e+09 | BB91: 1.4501425e+09 | BC91: 1.5432949e+09 | BD91: 1.4096936e+09 | BE91: 1.4150047e+09 | BF91: 1.3756095e+09 | BG91: 1.2294617e+09 | BH91: 1.3781766e+09 | BI91: 1.4845789e+09 | BJ91: 1.5049094e+09 | BK91: 1.6706713e+09 | BL91: 1.8136097e+09 | BM91: 1.8121709e+09 | BN91: 2.038415e+09 | BO91: 2.2730609e+09
A92: Guinea-Bissau | B92: GNB | C92: GDP (current US$) | D92: NY.GDP.MKTP.CD | O92: 78733595 | P92: 78540057 | Q92: 87702829 | R92: 89374237 | S92: 98775329 | T92: 1.0898574e+08 | U92: 1.1238649e+08 | V92: 1.1497121e+08 | W92: 1.2266686e+08 | X92: 1.1853788e+08 | Y92: 1.1065383e+08 | Z92: 1.5473197e+08 | AA92: 1.6552363e+08 | AB92: 1.6357754e+08 | AC92: 1.384789e+08 | AD92: 1.4385625e+08 | AE92: 1.3022502e+08 | AF92: 1.7383636e+08 | AG92: 1.6445812e+08 | AH92: 2.1314302e+08 | AI92: 2.43962e+08 | AJ92: 2.5715037e+08 | AK92: 2.2631344e+08 | AL92: 2.3688082e+08 | AM92: 2.3562004e+08 | AN92: 2.5396692e+08 | AO92: 2.7041978e+08 | AP92: 2.6855101e+08 | AQ92: 2.0645755e+08 | AR92: 2.2444666e+08 | AS92: 3.7109552e+08 | AT92: 3.9262139e+08 | AU92: 4.1780665e+08 | AV92: 4.7745858e+08 | AW92: 5.3206289e+08 | AX92: 5.870291e+08 | AY92: 5.9236566e+08 | AZ92: 6.9691078e+08 | BA92: 8.6815463e+08 | BB92: 8.3012643e+08 | BC92: 8.4987849e+08 | BD92: 1.0998186e+09 | BE92: 9.8927116e+08 | BF92: 1.0460874e+09 | BG92: 1.0549156e+09 | BH92: 1.0482296e+09 | BI92: 1.1790049e+09 | BJ92: 1.350177e+09 | BK92: 1.5046302e+09 | BL92: 1.4396384e+09 | BM92: 1.4317582e+09 | BN92: 1.6385176e+09 | BO92: 1.6335591e+09
A93: Equatorial Guinea | B93: GNQ | C93: GDP (current US$) | D93: NY.GDP.MKTP.CD | G93: 9122751.5 | H93: 10840095 | I93: 12712471 | J93: 64748333 | K93: 69110000 | L93: 72317447 | M93: 67514286 | N93: 67225714 | O93: 66331429 | P93: 64946955 | Q93: 65429198 | R93: 81203227 | S93: 94159863 | T93: 1.0429564e+08 | U93: 1.0365305e+08 | V93: 1.0398752e+08 | Y93: 50642881 | Z93: 36731423 | AA93: 44294648 | AB93: 44442457 | AC93: 50320914 | AD93: 62118570 | AE93: 76407396 | AF93: 93345859 | AG93: 1.0053466e+08 | AH93: 88265975 | AI93: 1.1211941e+08 | AJ93: 1.1090603e+08 | AK93: 1.3470718e+08 | AL93: 1.3604791e+08 | AM93: 1.00807e+08 | AN93: 1.4185336e+08 | AO93: 2.3246302e+08 | AP93: 4.4233787e+08 | AQ93: 3.7068763e+08 | AR93: 6.2111789e+08 | AS93: 1.0459985e+09 | AT93: 1.461139e+09 | AU93: 1.8067427e+09 | AV93: 2.4847459e+09 | AW93: 4.4107643e+09 | AX93: 8.2173691e+09 | AY93: 1.0086529e+10 | AZ93: 1.3071719e+10 | BA93: 1.9749894e+10 | BB93: 1.5027795e+10 | BC93: 1.6314443e+10 | BD93: 2.1357344e+10 | BE93: 2.2388344e+10 | BF93: 2.1948834e+10 | BG93: 2.1765453e+10 | BH93: 1.3185497e+10 | BI93: 1.1240809e+10 | BJ93: 1.2200914e+10 | BK93: 1.3097012e+10 | BL93: 1.1364134e+10 | BM93: 1.0099158e+10 | BN93: 1.2269393e+10 | BO93: 1.1813908e+10
A94: Greece | B94: GRC | C94: GDP (current US$) | D94: NY.GDP.MKTP.CD | E94: 4.335186e+09 | F94: 4.9614004e+09 | G94: 5.2130477e+09 | H94: 5.895278e+09 | I94: 6.6696733e+09 | J94: 7.6891541e+09 | K94: 8.5915179e+09 | L94: 9.2756008e+09 | M94: 1.0090676e+10 | N94: 1.1615657e+10 | O94: 1.3139864e+10 | P94: 14591750000 | Q94: 1.6885511e+10 | R94: 2.2347848e+10 | S94: 2.5351307e+10 | T94: 2.8525877e+10 | U94: 3.1152836e+10 | V94: 3.6176235e+10 | W94: 4.4270204e+10 | X94: 5.4481877e+10 | Y94: 5.6829664e+10 | Z94: 5.2346507e+10 | AA94: 5.461799e+10 | AB94: 4.9428874e+10 | AC94: 4.8020024e+10 | AD94: 4.7820851e+10 | AE94: 5.6379593e+10 | AF94: 6.565275e+10 | AG94: 7.6261278e+10 | AH94: 7.9169043e+10 | AI94: 9.7891092e+10 | AJ94: 1.0514323e+11 | AK94: 1.1622467e+11 | AL94: 1.0880906e+11 | AM94: 1.166018e+11 | AN94: 1.3687837e+11 | AO94: 1.4586161e+11 | AP94: 1.431576e+11 | AQ94: 1.4442817e+11 | AR94: 1.4258888e+11 | AS94: 1.3045776e+11 | AT94: 1.363093e+11 | AU94: 1.545642e+11 | AV94: 2.0237014e+11 | AW94: 2.4096356e+11 | AX94: 2.4787542e+11 | AY94: 2.7354673e+11 | AZ94: 3.1890283e+11 | BA94: 3.5590869e+11 | BB94: 3.313085e+11 | BC94: 2.9712496e+11 | BD94: 2.8299594e+11 | BE94: 2.4202931e+11 | BF94: 2.3890769e+11 | BG94: 2.3545813e+11 | BH94: 1.9568353e+11 | BI94: 1.9314815e+11 | BJ94: 1.9984441e+11 | BK94: 2.1204945e+11 | BL94: 2.0525701e+11 | BM94: 1.88926e+11 | BN94: 2.1487388e+11 | BO94: 2.1906587e+11
A95: Grenada | B95: GRD | C95: GDP (current US$) | D95: NY.GDP.MKTP.CD | V95: 71494495 | W95: 88322386 | X95: 1.0224436e+08 | Y95: 1.1090046e+08 | Z95: 1.1565192e+08 | AA95: 125435590 | AB95: 1.3180355e+08 | AC95: 1.4553331e+08 | AD95: 1.6772846e+08 | AE95: 1.8758952e+08 | AF95: 2.1500957e+08 | AG95: 2.3635752e+08 | AH95: 2.6732764e+08 | AI95: 2.7809876e+08 | AJ95: 3.0075789e+08 | AK95: 3.1016044e+08 | AL95: 3.0981219e+08 | AM95: 3.2511181e+08 | AN95: 3.4217252e+08 | AO95: 3.6691144e+08 | AP95: 3.9219059e+08 | AQ95: 4.4590359e+08 | AR95: 4.8200937e+08 | AS95: 5.2004437e+08 | AT95: 5.2044419e+08 | AU95: 5.4033693e+08 | AV95: 5.9101841e+08 | AW95: 5.9911859e+08 | AX95: 6.9555556e+08 | AY95: 6.9870067e+08 | AZ95: 7.5868359e+08 | BA95: 8.2597604e+08 | BB95: 7.7127556e+08 | BC95: 7.7101481e+08 | BD95: 7.7865556e+08 | BE95: 7.9988148e+08 | BF95: 8.4261852e+08 | BG95: 9.114963e+08 | BH95: 9.9700741e+08 | BI95: 1.0616407e+09 | BJ95: 1.1256852e+09 | BK95: 1.1665148e+09 | BL95: 1.2134852e+09 | BM95: 1.0434111e+09 | BN95: 1122800000 | BO95: 1.2564132e+09
A96: Greenland | B96: GRL | C96: GDP (current US$) | D96: NY.GDP.MKTP.CD | O96: 69520027 | P96: 88571005 | Q96: 1.061013e+08 | R96: 1.4015375e+08 | S96: 1.6991895e+08 | T96: 2.1119247e+08 | U96: 2.4077942e+08 | V96: 2.8226976e+08 | W96: 3.5598743e+08 | X96: 4.2064579e+08 | Y96: 4.7605177e+08 | Z96: 4.3574901e+08 | AA96: 4.0240306e+08 | AB96: 4.1618409e+08 | AC96: 3.7937191e+08 | AD96: 4.128764e+08 | AE96: 6.0301632e+08 | AF96: 7.8739045e+08 | AG96: 8.9860767e+08 | AH96: 9.297999e+08 | AI96: 1.0189772e+09 | AJ96: 1.0165e+09 | AK96: 1.0379161e+09 | AL96: 9.2721413e+08 | AM96: 1.0058876e+09 | AN96: 1.2089534e+09 | AO96: 1.1975156e+09 | AP96: 1.0721544e+09 | AQ96: 1.1498581e+09 | AR96: 1.1315551e+09 | AS96: 1.068025e+09 | AT96: 1.0861706e+09 | AU96: 1.1691367e+09 | AV96: 1.5587597e+09 | AW96: 1.8224999e+09 | AX96: 1.8498026e+09 | AY96: 2.0131068e+09 | AZ96: 2.2498114e+09 | BA96: 2.4990924e+09 | BB96: 2.5299641e+09 | BC96: 2.5031672e+09 | BD96: 2.6844616e+09 | BE96: 2.6096787e+09 | BF96: 2.6849471e+09 | BG96: 2.8420659e+09 | BH96: 2.4991131e+09 | BI96: 2.7071468e+09 | BJ96: 2.8516107e+09 | BK96: 3.0557913e+09 | BL96: 2.9973311e+09 | BM96: 3.0829092e+09 | BN96: 3.2358162e+09
A97: Guatemala | B97: GTM | C97: GDP (current US$) | D97: NY.GDP.MKTP.CD | E97: 1043599900 | F97: 1076699900 | G97: 1143600000 | H97: 1262800000 | I97: 1299099900 | J97: 1331399900 | K97: 1390700000 | L97: 1453500000 | M97: 1610500000 | N97: 1715399900 | O97: 1904000000 | P97: 1.9848e+09 | Q97: 2101300000 | R97: 2.5692001e+09 | S97: 3.1614999e+09 | T97: 3.6459e+09 | U97: 4.3653002e+09 | V97: 5.4805002e+09 | W97: 6.0706002e+09 | X97: 6.9026002e+09 | Y97: 7.8787e+09 | Z97: 8.6075003e+09 | AA97: 8.7169997e+09 | AB97: 9.0500004e+09 | AC97: 9.4700001e+09 | AD97: 9.7216521e+09 | AE97: 7.2319635e+09 | AF97: 7084399840 | AG97: 7.8416028e+09 | AH97: 8.4107244e+09 | AI97: 7.6501963e+09 | AJ97: 9.4061351e+09 | AK97: 1.0440782e+10 | AL97: 1.1400018e+10 | AM97: 1.2983234e+10 | AN97: 1.4655404e+10 | AO97: 1.5674836e+10 | AP97: 1.7790026e+10 | AQ97: 1.9395492e+10 | AR97: 1.8318412e+10 | AS97: 1.9288929e+10 | AT97: 1.8405221e+10 | AU97: 2.0444206e+10 | AV97: 2.1576352e+10 | AW97: 2.3577299e+10 | AX97: 2.6783389e+10 | AY97: 2.9744247e+10 | AZ97: 3.356785e+10 | BA97: 3.8503719e+10 | BB97: 3.7126146e+10 | BC97: 4.0676579e+10 | BD97: 4.6876004e+10 | BE97: 4.9593927e+10 | BF97: 5.2996448e+10 | BG97: 5.7852151e+10 | BH97: 6.2186065e+10 | BI97: 6.6053403e+10 | BJ97: 7.1653757e+10 | BK97: 7.332837e+10 | BL97: 7.7172314e+10 | BM97: 7.7715183e+10 | BN97: 8.605308e+10 | BO97: 9.5003333e+10
A98: Guam | B98: GUM | C98: GDP (current US$) | D98: NY.GDP.MKTP.CD | AU98: 3394000000 | AV98: 3569000000 | AW98: 3869000000 | AX98: 4213000000 | AY98: 4238000000 | AZ98: 4397000000 | BA98: 4658000000 | BB98: 4828000000 | BC98: 4949000000 | BD98: 4984000000 | BE98: 5265000000 | BF98: 5399000000 | BG98: 5610000000 | BH98: 5799000000 | BI98: 5901000000 | BJ98: 6013000000 | BK98: 6056000000 | BL98: 6366000000 | BM98: 5886000000 | BN98: 6123000000
A99: Guyana | B99: GUY | C99: GDP (current US$) | D99: NY.GDP.MKTP.CD | E99: 1.7021624e+08 | F99: 1.8584954e+08 | G99: 1.9494951e+08 | H99: 1.7575789e+08 | I99: 1.9477451e+08 | J99: 2.1323529e+08 | K99: 2.2870588e+08 | L99: 2.5017647e+08 | M99: 2.2975e+08 | N99: 2.493e+08 | O99: 2.678e+08 | P99: 282050000 | Q99: 2.8538095e+08 | R99: 3.0704762e+08 | S99: 4.3395455e+08 | T99: 4.9479167e+08 | U99: 454440000 | V99: 449880000 | W99: 507080000 | X99: 530440000 | Y99: 603200000 | Z99: 5.7035711e+08 | AA99: 4.82e+08 | AB99: 4.8933333e+08 | AC99: 4.3763161e+08 | AD99: 4.5348837e+08 | AE99: 5.0465114e+08 | AF99: 3.5459185e+08 | AG99: 413799990 | AH99: 3.7977939e+08 | AI99: 3.9658226e+08 | AJ99: 3.4853309e+08 | AK99: 3.7357314e+08 | AL99: 4.5410138e+08 | AM99: 5.4087493e+08 | AN99: 6.2162679e+08 | AO99: 7.05406e+08 | AP99: 7.4913801e+08 | AQ99: 7.1753068e+08 | AR99: 6.9475499e+08 | AS99: 7.126679e+08 | AT99: 7.1216745e+08 | AU99: 7.2613143e+08 | AV99: 7.4306395e+08 | AW99: 7.8781438e+08 | AX99: 8.2488055e+08 | AY99: 2.379818e+09 | AZ99: 2.7309716e+09 | BA99: 3.0251874e+09 | BB99: 3.1656632e+09 | BC99: 3.4329125e+09 | BD99: 3.6913843e+09 | BE99: 4.0630885e+09 | BF99: 4.1678009e+09 | BG99: 4.1276602e+09 | BH99: 4.2798402e+09 | BI99: 4.4826973e+09 | BJ99: 4.7481743e+09 | BK99: 4.787637e+09 | BL99: 5.1737602e+09 | BM99: 5.4712566e+09 | BN99: 8.0444988e+09 | BO99: 1.5357537e+10
A100: High income | B100: HIC | C100: GDP (current US$) | D100: NY.GDP.MKTP.CD | E100: 1.0703096e+12 | F100: 1.1332746e+12 | G100: 1.22298e+12 | H100: 1.3169491e+12 | I100: 1.4375524e+12 | J100: 1.5612404e+12 | K100: 1.7126776e+12 | L100: 1.8373832e+12 | M100: 1.9918187e+12 | N100: 2.1913164e+12 | O100: 2.3944587e+12 | P100: 2.6582135e+12 | Q100: 3.0834247e+12 | R100: 3.7307828e+12 | S100: 4.2066101e+12 | T100: 4.6937943e+12 | U100: 5.1147132e+12 | V100: 5.7920218e+12 | W100: 6.9402278e+12 | X100: 8.024292e+12 | Y100: 8.9625688e+12 | Z100: 9.0985736e+12 | AA100: 9.0140702e+12 | AB100: 9.3072748e+12 | AC100: 9.7085108e+12 | AD100: 1.0194067e+13 | AE100: 1.2377565e+13 | AF100: 1.434541e+13 | AG100: 1.615122e+13 | AH100: 1.6899764e+13 | AI100: 18985012664862 | AJ100: 2.0077019e+13 | AK100: 2.1595263e+13 | AL100: 2.1761908e+13 | AM100: 2.3425704e+13 | AN100: 2.6016529e+13 | AO100: 2.6240641e+13 | AP100: 2.5791737e+13 | AQ100: 2.588847e+13 | AR100: 2.7194827e+13 | AS100: 2.776405e+13 | AT100: 2.7489066e+13 | AU100: 2.8660869e+13 | AV100: 3.2125481e+13 | AW100: 3.5771601e+13 | AX100: 3.7831115e+13 | AY100: 3.9962463e+13 | AZ100: 4.3756103e+13 | BA100: 4.6623911e+13 | BB100: 43669352938355 | BC100: 45759844719262 | BD100: 4.9412508e+13 | BE100: 49446148147436 | BF100: 5.0054026e+13 | BG100: 5.1134057e+13 | BH100: 4.8273635e+13 | BI100: 4.9306278e+13 | BJ100: 5.157087e+13 | BK100: 5.4839705e+13 | BL100: 5.5315475e+13 | BM100: 5.3937977e+13 | BN100: 6.0016712e+13 | BO100: 6.1535769e+13
A101: Hong Kong SAR, China | B101: HKG | C101: GDP (current US$) | D101: NY.GDP.MKTP.CD | E101: 1.3207967e+09 | F101: 1.3836817e+09 | G101: 1.6123464e+09 | H101: 1.9352983e+09 | I101: 2.2064665e+09 | J101: 2.4350785e+09 | K101: 2.489845e+09 | L101: 2.692475e+09 | M101: 2.7169644e+09 | N101: 3.1897401e+09 | O101: 3.8007665e+09 | P101: 4.4760019e+09 | Q101: 5.7100906e+09 | R101: 8.0301176e+09 | S101: 9.3886947e+09 | T101: 1.004809e+10 | U101: 1.2876366e+10 | V101: 1.5719434e+10 | W101: 1.8315138e+10 | X101: 2.2526186e+10 | Y101: 2.8861856e+10 | Z101: 3.1055224e+10 | AA101: 3.2291218e+10 | AB101: 2.9907229e+10 | AC101: 3.3511384e+10 | AD101: 3.5699772e+10 | AE101: 4.1075395e+10 | AF101: 5.0622896e+10 | AG101: 5.9707405e+10 | AH101: 6.8790222e+10 | AI101: 7.6928785e+10 | AJ101: 8.8960002e+10 | AK101: 1.042725e+11 | AL101: 1.2035421e+11 | AM101: 1.3581178e+11 | AN101: 1.4465229e+11 | AO101: 1.5971818e+11 | AP101: 1.7735317e+11 | AQ101: 1.6888544e+11 | AR101: 1.657681e+11 | AS101: 1.716689e+11 | AT101: 1.6940433e+11 | AU101: 1.6634887e+11 | AV101: 1.6138556e+11 | AW101: 1.6909977e+11 | AX101: 1.815693e+11 | AY101: 1.9353543e+11 | AZ101: 2.1159695e+11 | BA101: 2.1927874e+11 | BB101: 2.140478e+11 | BC101: 2.2863868e+11 | BD101: 2.4851362e+11 | BE101: 2.6262888e+11 | BF101: 2.7569688e+11 | BG101: 2.9145998e+11 | BH101: 3.0938562e+11 | BI101: 3.2086032e+11 | BJ101: 3.4127329e+11 | BK101: 3.6173107e+11 | BL101: 3.6307456e+11 | BM101: 3.4494315e+11 | BN101: 3.6891139e+11 | BO101: 3.598386e+11
...

Sheet GDP data
A1: 辅助列 | B1: Country Code | C1: Year | D1: Value
A2: =B2&"-"&C2 -> ABW-Country Name | B2: ABW | C2: Country Name | D2: Aruba
A3: =B3&"-"&C3 -> ABW-Indicator Name | B3: ABW | C3: Indicator Name | D3: GDP (current US$)
A4: =B4&"-"&C4 -> ABW-Indicator Code | B4: ABW | C4: Indicator Code | D4: NY.GDP.MKTP.CD
A5: =B5&"-"&C5 -> ABW-1986 | B5: ABW | C5: 1986 | D5: 4.0558659e+08
A6: =B6&"-"&C6 -> ABW-1987 | B6: ABW | C6: 1987 | D6: 4.877095e+08
A7: =B7&"-"&C7 -> ABW-1988 | B7: ABW | C7: 1988 | D7: 5.9664804e+08
A8: =B8&"-"&C8 -> ABW-1989 | B8: ABW | C8: 1989 | D8: 6.9553073e+08
A9: =B9&"-"&C9 -> ABW-1990 | B9: ABW | C9: 1990 | D9: 7.6480447e+08
A10: =B10&"-"&C10 -> ABW-1991 | B10: ABW | C10: 1991 | D10: 8.7206704e+08
A11: =B11&"-"&C11 -> ABW-1992 | B11: ABW | C11: 1992 | D11: 9.5865922e+08
A12: =B12&"-"&C12 -> ABW-1993 | B12: ABW | C12: 1993 | D12: 1.0832402e+09
A13: =B13&"-"&C13 -> ABW-1994 | B13: ABW | C13: 1994 | D13: 1.2458101e+09
A14: =B14&"-"&C14 -> ABW-1995 | B14: ABW | C14: 1995 | D14: 1.3206704e+09
A15: =B15&"-"&C15 -> ABW-1996 | B15: ABW | C15: 1996 | D15: 1.3798883e+09
A16: =B16&"-"&C16 -> ABW-1997 | B16: ABW | C16: 1997 | D16: 1.5318436e+09
... A40: =B40&"-"&C40 -> ABW-2021 | B40: ABW | C40: 2021 | D40: 3.1260194e+09
A41: =B41&"-"&C41 -> AFE-Country Name | B41: AFE | C41: Country Name | D41: Africa Eastern and Southern
A42: =B42&"-"&C42 -> AFE-Indicator Name | B42: AFE | C42: Indicator Name | D42: GDP (current US$)
A43: =B43&"-"&C43 -> AFE-Indicator Code | B43: AFE | C43: Indicator Code | D43: NY.GDP.MKTP.CD
A44: =B44&"-"&C44 -> AFE-1960 | B44: AFE | C44: 1960 | D44: 2.1125015e+10
A45: =B45&"-"&C45 -> AFE-1961 | B45: AFE | C45: 1961 | D45: 2.1616228e+10
A46: =B46&"-"&C46 -> AFE-1962 | B46: AFE | C46: 1962 | D46: 2.350628e+10
A47: =B47&"-"&C47 -> AFE-1963 | B47: AFE | C47: 1963 | D47: 2.804836e+10
A48: =B48&"-"&C48 -> AFE-1964 | B48: AFE | C48: 1964 | D48: 2.5920665e+10
A49: =B49&"-"&C49 -> AFE-1965 | B49: AFE | C49: 1965 | D49: 2.9472103e+10
A50: =B50&"-"&C50 -> AFE-1966 | B50: AFE | C50: 1966 | D50: 3.2014368e+10
A51: =B51&"-"&C51 -> AFE-1967 | B51: AFE | C51: 1967 | D51: 3.326951e+10
A52: =B52&"-"&C52 -> AFE-1968 | B52: AFE | C52: 1968 | D52: 3.6327785e+10
A53: =B53&"-"&C53 -> AFE-1969 | B53: AFE | C53: 1969 | D53: 4.1638968e+10
A54: =B54&"-"&C54 -> AFE-1970 | B54: AFE | C54: 1970 | D54: 4.4629892e+10
A55: =B55&"-"&C55 -> AFE-1971 | B55: AFE | C55: 1971 | D55: 4.9173372e+10
... A106: =B106&"-"&C106 -> AFE-2022 | B106: AFE | C106: 2022 | D106: 1.1694837e+12
A107: =B107&"-"&C107 -> AFG-Country Name | B107: AFG | C107: Country Name | D107: Afghanistan
A108: =B108&"-"&C108 -> AFG-Indicator Name | B108: AFG | C108: Indicator Name | D108: GDP (current US$)
A109: =B109&"-"&C109 -> AFG-Indicator Code | B109: AFG | C109: Indicator Code | D109: NY.GDP.MKTP.CD
A110: =B110&"-"&C110 -> AFG-1960 | B110: AFG | C110: 1960 | D110: 5.3777781e+08
A111: =B111&"-"&C111 -> AFG-1961 | B111: AFG | C111: 1961 | D111: 5.488889e+08
A112: =B112&"-"&C112 -> AFG-1962 | B112: AFG | C112: 1962 | D112: 5.4666668e+08
A113: =B113&"-"&C113 -> AFG-1963 | B113: AFG | C113: 1963 | D113: 7.5111119e+08
A114: =B114&"-"&C114 -> AFG-1964 | B114: AFG | C114: 1964 | D114: 8.0000004e+08
A115: =B115&"-"&C115 -> AFG-1965 | B115: AFG | C115: 1965 | D115: 1.0066666e+09
A116: =B116&"-"&C116 -> AFG-1966 | B116: AFG | C116: 1966 | D116: 1.4e+09
A117: =B117&"-"&C117 -> AFG-1967 | B117: AFG | C117: 1967 | D117: 1.6733334e+09
A118: =B118&"-"&C118 -> AFG-1968 | B118: AFG | C118: 1968 | D118: 1.3733334e+09
A119: =B119&"-"&C119 -> AFG-1969 | B119: AFG | C119: 1969 | D119: 1.4088889e+09
A120: =B120&"-"&C120 -> AFG-1970 | B120: AFG | C120: 1970 | D120: 1.7488866e+09
A121: =B121&"-"&C121 -> AFG-1971 | B121: AFG | C121: 1971 | D121: 1.831109e+09
... A151: =B151&"-"&C151 -> AFG-2021 | B151: AFG | C151: 2021 | D151: 1.4583135e+10
A152: =B152&"-"&C152 -> AFW-Country Name | B152: AFW | C152: Country Name | D152: Africa Western and Central
A153: =B153&"-"&C153 -> AFW-Indicator Name | B153: AFW | C153: Indicator Name | D153: GDP (current US$)
A154: =B154&"-"&C154 -> AFW-Indicator Code | B154: AFW | C154: Indicator Code | D154: NY.GDP.MKTP.CD
A155: =B155&"-"&C155 -> AFW-1960 | B155: AFW | C155: 1960 | D155: 1.0447638e+10
A156: =B156&"-"&C156 -> AFW-1961 | B156: AFW | C156: 1961 | D156: 1.1173212e+10
A157: =B157&"-"&C157 -> AFW-1962 | B157: AFW | C157: 1962 | D157: 1.1990534e+10
A158: =B158&"-"&C158 -> AFW-1963 | B158: AFW | C158: 1963 | D158: 1.2727688e+10
A159: =B159&"-"&C159 -> AFW-1964 | B159: AFW | C159: 1964 | D159: 1.3898109e+10
A160: =B160&"-"&C160 -> AFW-1965 | B160: AFW | C160: 1965 | D160: 1.4929792e+10
A161: =B161&"-"&C161 -> AFW-1966 | B161: AFW | C161: 1966 | D161: 1.5910838e+10
A162: =B162&"-"&C162 -> AFW-1967 | B162: AFW | C162: 1967 | D162: 1.451058e+10
A163: =B163&"-"&C163 -> AFW-1968 | B163: AFW | C163: 1968 | D163: 1.4968236e+10
A164: =B164&"-"&C164 -> AFW-1969 | B164: AFW | C164: 1969 | D164: 1.6979316e+10
A165: =B165&"-"&C165 -> AFW-1970 | B165: AFW | C165: 1970 | D165: 2.3596164e+10
A166: =B166&"-"&C166 -> AFW-1971 | B166: AFW | C166: 1971 | D166: 2.0936359e+10
... A217: =B217&"-"&C217 -> AFW-2022 | B217: AFW | C217: 2022 | D217: 8.7786328e+11
A218: =B218&"-"&C218 -> AGO-Country Name | B218: AGO | C218: Country Name | D218: Angola
A219: =B219&"-"&C219 -> AGO-Indicator Name | B219: AGO | C219: Indicator Name | D219: GDP (current US$)
A220: =B220&"-"&C220 -> AGO-Indicator Code | B220: AGO | C220: Indicator Code | D220: NY.GDP.MKTP.CD
A221: =B221&"-"&C221 -> AGO-1980 | B221: AGO | C221: 1980 | D221: 5.9305034e+09
A222: =B222&"-"&C222 -> AGO-1981 | B222: AGO | C222: 1981 | D222: 5.550483e+09
A223: =B223&"-"&C223 -> AGO-1982 | B223: AGO | C223: 1982 | D223: 5.550483e+09
A224: =B224&"-"&C224 -> AGO-1983 | B224: AGO | C224: 1983 | D224: 5.7843416e+09
A225: =B225&"-"&C225 -> AGO-1984 | B225: AGO | C225: 1984 | D225: 6.1314751e+09
A226: =B226&"-"&C226 -> AGO-1985 | B226: AGO | C226: 1985 | D226: 7.5540654e+09
A227: =B227&"-"&C227 -> AGO-1986 | B227: AGO | C227: 1986 | D227: 7.0725361e+09
A228: =B228&"-"&C228 -> AGO-1987 | B228: AGO | C228: 1987 | D228: 8.0844124e+09
A229: =B229&"-"&C229 -> AGO-1988 | B229: AGO | C229: 1988 | D229: 8.7698368e+09
A230: =B230&"-"&C230 -> AGO-1989 | B230: AGO | C230: 1989 | D230: 1.0201781e+10
A231: =B231&"-"&C231 -> AGO-1990 | B231: AGO | C231: 1990 | D231: 1.1229516e+10
A232: =B232&"-"&C232 -> AGO-1991 | B232: AGO | C232: 1991 | D232: 1.2704559e+10
... A263: =B263&"-"&C263 -> AGO-2022 | B263: AGO | C263: 2022 | D263: 1.0671362e+11
A264: =B264&"-"&C264 -> ALB-Country Name | B264: ALB | C264: Country Name | D264: Albania
A265: =B265&"-"&C265 -> ALB-Indicator Name | B265: ALB | C265: Indicator Name | D265: GDP (current US$)
A266: =B266&"-"&C266 -> ALB-Indicator Code | B266: ALB | C266: Indicator Code | D266: NY.GDP.MKTP.CD
A267: =B267&"-"&C267 -> ALB-1984 | B267: ALB | C267: 1984 | D267: 1.857338e+09
A268: =B268&"-"&C268 -> ALB-1985 | B268: ALB | C268: 1985 | D268: 1.8970501e+09
A269: =B269&"-"&C269 -> ALB-1986 | B269: ALB | C269: 1986 | D269: 2097326250
A270: =B270&"-"&C270 -> ALB-1987 | B270: ALB | C270: 1987 | D270: 2080796250
A271: =B271&"-"&C271 -> ALB-1988 | B271: ALB | C271: 1988 | D271: 2051236250
A272: =B272&"-"&C272 -> ALB-1989 | B272: ALB | C272: 1989 | D272: 2253090000
A273: =B273&"-"&C273 -> ALB-1990 | B273: ALB | C273: 1990 | D273: 2028553750
A274: =B274&"-"&C274 -> ALB-1991 | B274: ALB | C274: 1991 | D274: 1.099559e+09
A275: =B275&"-"&C275 -> ALB-1992 | B275: ALB | C275: 1992 | D275: 6.5217499e+08
A276: =B276&"-"&C276 -> ALB-1993 | B276: ALB | C276: 1993 | D276: 1.1853155e+09
A277: =B277&"-"&C277 -> ALB-1994 | B277: ALB | C277: 1994 | D277: 1.8809509e+09
A278: =B278&"-"&C278 -> ALB-1995 | B278: ALB | C278: 1995 | D278: 2.3927649e+09
... A305: =B305&"-"&C305 -> ALB-2022 | B305: ALB | C305: 2022 | D305: 1.8882096e+10
A306: =B306&"-"&C306 -> AND-Country Name | B306: AND | C306: Country Name | D306: Andorra
A307: =B307&"-"&C307 -> AND-Indicator Name | B307: AND | C307: Indicator Name | D307: GDP (current US$)
A308: =B308&"-"&C308 -> AND-Indicator Code | B308: AND | C308: Indicator Code | D308: NY.GDP.MKTP.CD
...

Sheet politic stability 
B1: Country Code | C1: Year | D1: Value
A2: =B2&"-"&(LEFT(C2,4)) -> CAN-Coun | B2: CAN | C2: Country Name | D2: Canada
A3: =B3&"-"&(LEFT(C3,4)) -> CAN-Seri | B3: CAN | C3: Series Name | D3: Political Stability and Absence of Violence/Terrorism: Estimate
A4: =B4&"-"&(LEFT(C4,4)) -> CAN-Seri | B4: CAN | C4: Series Code | D4: PV.EST
A5: =B5&"-"&(LEFT(C5,4)) -> CAN-2013 | B5: CAN | C5: 2013 [YR2013] | D5: 1.0614218
A6: =B6&"-"&(LEFT(C6,4)) -> CAN-2014 | B6: CAN | C6: 2014 [YR2014] | D6: 1.1755038
A7: =B7&"-"&(LEFT(C7,4)) -> CAN-2015 | B7: CAN | C7: 2015 [YR2015] | D7: 1.2623369
A8: =B8&"-"&(LEFT(C8,4)) -> CAN-2016 | B8: CAN | C8: 2016 [YR2016] | D8: 1.2404116
A9: =B9&"-"&(LEFT(C9,4)) -> CAN-2017 | B9: CAN | C9: 2017 [YR2017] | D9: 1.0896796
A10: =B10&"-"&(LEFT(C10,4)) -> CAN-2018 | B10: CAN | C10: 2018 [YR2018] | D10: 0.96377438
A11: =B11&"-"&(LEFT(C11,4)) -> CAN-2019 | B11: CAN | C11: 2019 [YR2019] | D11: 0.99481791
A12: =B12&"-"&(LEFT(C12,4)) -> CAN-2020 | B12: CAN | C12: 2020 [YR2020] | D12: 1.0131047
A13: =B13&"-"&(LEFT(C13,4)) -> CAN-2021 | B13: CAN | C13: 2021 [YR2021] | D13: 0.96219599
A14: =B14&"-"&(LEFT(C14,4)) -> CAN-2022 | B14: CAN | C14: 2022 [YR2022] | D14: 0.77281404
A15: =B15&"-"&(LEFT(C15,4)) -> VNM-Coun | B15: VNM | C15: Country Name | D15: Vietnam
A16: =B16&"-"&(LEFT(C16,4)) -> VNM-Seri | B16: VNM | C16: Series Name | D16: Political Stability and Absence of Violence/Terrorism: Estimate
A17: =B17&"-"&(LEFT(C17,4)) -> VNM-Seri | B17: VNM | C17: Series Code | D17: PV.EST
A18: =B18&"-"&(LEFT(C18,4)) -> VNM-2013 | B18: VNM | C18: 2013 [YR2013] | D18: 0.25057727
A19: =B19&"-"&(LEFT(C19,4)) -> VNM-2014 | B19: VNM | C19: 2014 [YR2014] | D19: -0.022347357
A20: =B20&"-"&(LEFT(C20,4)) -> VNM-2015 | B20: VNM | C20: 2015 [YR2015] | D20: 0.063808225
A21: =B21&"-"&(LEFT(C21,4)) -> VNM-2016 | B21: VNM | C21: 2016 [YR2016] | D21: 0.22683252
A22: =B22&"-"&(LEFT(C22,4)) -> VNM-2017 | B22: VNM | C22: 2017 [YR2017] | D22: 0.21142159
A23: =B23&"-"&(LEFT(C23,4)) -> VNM-2018 | B23: VNM | C23: 2018 [YR2018] | D23: 0.032742601
A24: =B24&"-"&(LEFT(C24,4)) -> VNM-2019 | B24: VNM | C24: 2019 [YR2019] | D24: 0.03891024
A25: =B25&"-"&(LEFT(C25,4)) -> VNM-2020 | B25: VNM | C25: 2020 [YR2020] | D25: -0.038535811
A26: =B26&"-"&(LEFT(C26,4)) -> VNM-2021 | B26: VNM | C26: 2021 [YR2021] | D26: -0.11818971
A27: =B27&"-"&(LEFT(C27,4)) -> VNM-2022 | B27: VNM | C27: 2022 [YR2022] | D27: -0.030564662
A28: =B28&"-"&(LEFT(C28,4)) -> AUS-Coun | B28: AUS | C28: Country Name | D28: Australia
A29: =B29&"-"&(LEFT(C29,4)) -> AUS-Seri | B29: AUS | C29: Series Name | D29: Political Stability and Absence of Violence/Terrorism: Estimate
A30: =B30&"-"&(LEFT(C30,4)) -> AUS-Seri | B30: AUS | C30: Series Code | D30: PV.EST
A31: =B31&"-"&(LEFT(C31,4)) -> AUS-2013 | B31: AUS | C31: 2013 [YR2013] | D31: 1.031073
A32: =B32&"-"&(LEFT(C32,4)) -> AUS-2014 | B32: AUS | C32: 2014 [YR2014] | D32: 1.032192
A33: =B33&"-"&(LEFT(C33,4)) -> AUS-2015 | B33: AUS | C33: 2015 [YR2015] | D33: 0.87318069
A34: =B34&"-"&(LEFT(C34,4)) -> AUS-2016 | B34: AUS | C34: 2016 [YR2016] | D34: 1.0334245
A35: =B35&"-"&(LEFT(C35,4)) -> AUS-2017 | B35: AUS | C35: 2017 [YR2017] | D35: 0.87614667
A36: =B36&"-"&(LEFT(C36,4)) -> AUS-2018 | B36: AUS | C36: 2018 [YR2018] | D36: 0.97081196
A37: =B37&"-"&(LEFT(C37,4)) -> AUS-2019 | B37: AUS | C37: 2019 [YR2019] | D37: 0.9173131
A38: =B38&"-"&(LEFT(C38,4)) -> AUS-2020 | B38: AUS | C38: 2020 [YR2020] | D38: 0.86167693
A39: =B39&"-"&(LEFT(C39,4)) -> AUS-2021 | B39: AUS | C39: 2021 [YR2021] | D39: 0.83531588
A40: =B40&"-"&(LEFT(C40,4)) -> AUS-2022 | B40: AUS | C40: 2022 [YR2022] | D40: 0.93357205
A41: =B41&"-"&(LEFT(C41,4)) -> BRN-Coun | B41: BRN | C41: Country Name | D41: Brunei Darussalam
A42: =B42&"-"&(LEFT(C42,4)) -> BRN-Seri | B42: BRN | C42: Series Name | D42: Political Stability and Absence of Violence/Terrorism: Estimate
A43: =B43&"-"&(LEFT(C43,4)) -> BRN-Seri | B43: BRN | C43: Series Code | D43: PV.EST
A44: =B44&"-"&(LEFT(C44,4)) -> BRN-2013 | B44: BRN | C44: 2013 [YR2013] | D44: 1.0740223
A45: =B45&"-"&(LEFT(C45,4)) -> BRN-2014 | B45: BRN | C45: 2014 [YR2014] | D45: 1.261507
A46: =B46&"-"&(LEFT(C46,4)) -> BRN-2015 | B46: BRN | C46: 2015 [YR2015] | D46: 1.2337126
A47: =B47&"-"&(LEFT(C47,4)) -> BRN-2016 | B47: BRN | C47: 2016 [YR2016] | D47: 1.1420178
A48: =B48&"-"&(LEFT(C48,4)) -> BRN-2017 | B48: BRN | C48: 2017 [YR2017] | D48: 1.1534252
A49: =B49&"-"&(LEFT(C49,4)) -> BRN-2018 | B49: BRN | C49: 2018 [YR2018] | D49: 1.2358136
A50: =B50&"-"&(LEFT(C50,4)) -> BRN-2019 | B50: BRN | C50: 2019 [YR2019] | D50: 1.1109637
A51: =B51&"-"&(LEFT(C51,4)) -> BRN-2020 | B51: BRN | C51: 2020 [YR2020] | D51: 1.1879984
A52: =B52&"-"&(LEFT(C52,4)) -> BRN-2021 | B52: BRN | C52: 2021 [YR2021] | D52: 1.1716517
A53: =B53&"-"&(LEFT(C53,4)) -> BRN-2022 | B53: BRN | C53: 2022 [YR2022] | D53: 1.257368
A54: =B54&"-"&(LEFT(C54,4)) -> CHL-Coun | B54: CHL | C54: Country Name | D54: Chile
A55: =B55&"-"&(LEFT(C55,4)) -> CHL-Seri | B55: CHL | C55: Series Name | D55: Political Stability and Absence of Violence/Terrorism: Estimate
A56: =B56&"-"&(LEFT(C56,4)) -> CHL-Seri | B56: CHL | C56: Series Code | D56: PV.EST
A57: =B57&"-"&(LEFT(C57,4)) -> CHL-2013 | B57: CHL | C57: 2013 [YR2013] | D57: 0.36374253
A58: =B58&"-"&(LEFT(C58,4)) -> CHL-2014 | B58: CHL | C58: 2014 [YR2014] | D58: 0.44751692
A59: =B59&"-"&(LEFT(C59,4)) -> CHL-2015 | B59: CHL | C59: 2015 [YR2015] | D59: 0.42487174
A60: =B60&"-"&(LEFT(C60,4)) -> CHL-2016 | B60: CHL | C60: 2016 [YR2016] | D60: 0.40240622
A61: =B61&"-"&(LEFT(C61,4)) -> CHL-2017 | B61: CHL | C61: 2017 [YR2017] | D61: 0.40628067
A62: =B62&"-"&(LEFT(C62,4)) -> CHL-2018 | B62: CHL | C62: 2018 [YR2018] | D62: 0.41262883
A63: =B63&"-"&(LEFT(C63,4)) -> CHL-2019 | B63: CHL | C63: 2019 [YR2019] | D63: -0.016168356
A64: =B64&"-"&(LEFT(C64,4)) -> CHL-2020 | B64: CHL | C64: 2020 [YR2020] | D64: 0.044010442
A65: =B65&"-"&(LEFT(C65,4)) -> CHL-2021 | B65: CHL | C65: 2021 [YR2021] | D65: 0.16135216
A66: =B66&"-"&(LEFT(C66,4)) -> CHL-2022 | B66: CHL | C66: 2022 [YR2022] | D66: 0.11857886
A67: =B67&"-"&(LEFT(C67,4)) -> JPN-Coun | B67: JPN | C67: Country Name | D67: Japan
A68: =B68&"-"&(LEFT(C68,4)) -> JPN-Seri | B68: JPN | C68: Series Name | D68: Political Stability and Absence of Violence/Terrorism: Estimate
A69: =B69&"-"&(LEFT(C69,4)) -> JPN-Seri | B69: JPN | C69: Series Code | D69: PV.EST
A70: =B70&"-"&(LEFT(C70,4)) -> JPN-2013 | B70: JPN | C70: 2013 [YR2013] | D70: 1.0191419
A71: =B71&"-"&(LEFT(C71,4)) -> JPN-2014 | B71: JPN | C71: 2014 [YR2014] | D71: 0.96859735
A72: =B72&"-"&(LEFT(C72,4)) -> JPN-2015 | B72: JPN | C72: 2015 [YR2015] | D72: 1.0542206
A73: =B73&"-"&(LEFT(C73,4)) -> JPN-2016 | B73: JPN | C73: 2016 [YR2016] | D73: 0.968189
A74: =B74&"-"&(LEFT(C74,4)) -> JPN-2017 | B74: JPN | C74: 2017 [YR2017] | D74: 1.1001265
A75: =B75&"-"&(LEFT(C75,4)) -> JPN-2018 | B75: JPN | C75: 2018 [YR2018] | D75: 1.0373586
A76: =B76&"-"&(LEFT(C76,4)) -> JPN-2019 | B76: JPN | C76: 2019 [YR2019] | D76: 1.019695
A77: =B77&"-"&(LEFT(C77,4)) -> JPN-2020 | B77: JPN | C77: 2020 [YR2020] | D77: 1.0260669
A78: =B78&"-"&(LEFT(C78,4)) -> JPN-2021 | B78: JPN | C78: 2021 [YR2021] | D78: 1.0153564
A79: =B79&"-"&(LEFT(C79,4)) -> JPN-2022 | B79: JPN | C79: 2022 [YR2022] | D79: 1.073911
A80: =B80&"-"&(LEFT(C80,4)) -> MYS-Coun | B80: MYS | C80: Country Name | D80: Malaysia
A81: =B81&"-"&(LEFT(C81,4)) -> MYS-Seri | B81: MYS | C81: Series Name | D81: Political Stability and Absence of Violence/Terrorism: Estimate
A82: =B82&"-"&(LEFT(C82,4)) -> MYS-Seri | B82: MYS | C82: Series Code | D82: PV.EST
A83: =B83&"-"&(LEFT(C83,4)) -> MYS-2013 | B83: MYS | C83: 2013 [YR2013] | D83: 0.051791593
A84: =B84&"-"&(LEFT(C84,4)) -> MYS-2014 | B84: MYS | C84: 2014 [YR2014] | D84: 0.26661915
A85: =B85&"-"&(LEFT(C85,4)) -> MYS-2015 | B85: MYS | C85: 2015 [YR2015] | D85: 0.25394732
A86: =B86&"-"&(LEFT(C86,4)) -> MYS-2016 | B86: MYS | C86: 2016 [YR2016] | D86: 0.12948593
A87: =B87&"-"&(LEFT(C87,4)) -> MYS-2017 | B87: MYS | C87: 2017 [YR2017] | D87: 0.11120895
A88: =B88&"-"&(LEFT(C88,4)) -> MYS-2018 | B88: MYS | C88: 2018 [YR2018] | D88: 0.2479894
A89: =B89&"-"&(LEFT(C89,4)) -> MYS-2019 | B89: MYS | C89: 2019 [YR2019] | D89: 0.1460664
A90: =B90&"-"&(LEFT(C90,4)) -> MYS-2020 | B90: MYS | C90: 2020 [YR2020] | D90: 0.1244631
A91: =B91&"-"&(LEFT(C91,4)) -> MYS-2021 | B91: MYS | C91: 2021 [YR2021] | D91: 0.058753986
A92: =B92&"-"&(LEFT(C92,4)) -> MYS-2022 | B92: MYS | C92: 2022 [YR2022] | D92: 0.14035816
A93: =B93&"-"&(LEFT(C93,4)) -> MEX-Coun | B93: MEX | C93: Country Name | D93: Mexico
A94: =B94&"-"&(LEFT(C94,4)) -> MEX-Seri | B94: MEX | C94: Series Name | D94: Political Stability and Absence of Violence/Terrorism: Estimate
A95: =B95&"-"&(LEFT(C95,4)) -> MEX-Seri | B95: MEX | C95: Series Code | D95: PV.EST
A96: =B96&"-"&(LEFT(C96,4)) -> MEX-2013 | B96: MEX | C96: 2013 [YR2013] | D96: -0.7142238
A97: =B97&"-"&(LEFT(C97,4)) -> MEX-2014 | B97: MEX | C97: 2014 [YR2014] | D97: -0.85391879
A98: =B98&"-"&(LEFT(C98,4)) -> MEX-2015 | B98: MEX | C98: 2015 [YR2015] | D98: -0.8017801
A99: =B99&"-"&(LEFT(C99,4)) -> MEX-2016 | B99: MEX | C99: 2016 [YR2016] | D99: -0.63371813
A100: =B100&"-"&(LEFT(C100,4)) -> MEX-2017 | B100: MEX | C100: 2017 [YR2017] | D100: -0.80607343
...

Sheet politic stability Data
A1: Country Name | B1: Country Code | C1: Series Name | D1: Series Code | E1: 2013 [YR2013] | F1: 2014 [YR2014] | G1: 2015 [YR2015] | H1: 2016 [YR2016] | I1: 2017 [YR2017] | J1: 2018 [YR2018] | K1: 2019 [YR2019] | L1: 2020 [YR2020] | M1: 2021 [YR2021] | N1: 2022 [YR2022]
A2: Canada | B2: CAN | C2: Political Stability and Absence of Violence/Terrorism: Estimate | D2: PV.EST | E2: 1.0614218 | F2: 1.1755038 | G2: 1.2623369 | H2: 1.2404116 | I2: 1.0896796 | J2: 0.96377438 | K2: 0.99481791 | L2: 1.0131047 | M2: 0.96219599 | N2: 0.77281404
A3: Vietnam | B3: VNM | C3: Political Stability and Absence of Violence/Terrorism: Estimate | D3: PV.EST | E3: 0.25057727 | F3: -0.022347357 | G3: 0.063808225 | H3: 0.22683252 | I3: 0.21142159 | J3: 0.032742601 | K3: 0.03891024 | L3: -0.038535811 | M3: -0.11818971 | N3: -0.030564662
A4: Australia | B4: AUS | C4: Political Stability and Absence of Violence/Terrorism: Estimate | D4: PV.EST | E4: 1.031073 | F4: 1.032192 | G4: 0.87318069 | H4: 1.0334245 | I4: 0.87614667 | J4: 0.97081196 | K4: 0.9173131 | L4: 0.86167693 | M4: 0.83531588 | N4: 0.93357205
A5: Brunei Darussalam | B5: BRN | C5: Political Stability and Absence of Violence/Terrorism: Estimate | D5: PV.EST | E5: 1.0740223 | F5: 1.261507 | G5: 1.2337126 | H5: 1.1420178 | I5: 1.1534252 | J5: 1.2358136 | K5: 1.1109637 | L5: 1.1879984 | M5: 1.1716517 | N5: 1.257368
A6: Chile | B6: CHL | C6: Political Stability and Absence of Violence/Terrorism: Estimate | D6: PV.EST | E6: 0.36374253 | F6: 0.44751692 | G6: 0.42487174 | H6: 0.40240622 | I6: 0.40628067 | J6: 0.41262883 | K6: -0.016168356 | L6: 0.044010442 | M6: 0.16135216 | N6: 0.11857886
A7: Japan | B7: JPN | C7: Political Stability and Absence of Violence/Terrorism: Estimate | D7: PV.EST | E7: 1.0191419 | F7: 0.96859735 | G7: 1.0542206 | H7: 0.968189 | I7: 1.1001265 | J7: 1.0373586 | K7: 1.019695 | L7: 1.0260669 | M7: 1.0153564 | N7: 1.073911
A8: Malaysia | B8: MYS | C8: Political Stability and Absence of Violence/Terrorism: Estimate | D8: PV.EST | E8: 0.051791593 | F8: 0.26661915 | G8: 0.25394732 | H8: 0.12948593 | I8: 0.11120895 | J8: 0.2479894 | K8: 0.1460664 | L8: 0.1244631 | M8: 0.058753986 | N8: 0.14035816
A9: Mexico | B9: MEX | C9: Political Stability and Absence of Violence/Terrorism: Estimate | D9: PV.EST | E9: -0.7142238 | F9: -0.85391879 | G9: -0.8017801 | H9: -0.63371813 | I9: -0.80607343 | J9: -0.67398101 | K9: -0.84362882 | L9: -0.79136932 | M9: -0.68836093 | N9: -0.69195974
A10: Peru | B10: PER | C10: Political Stability and Absence of Violence/Terrorism: Estimate | D10: PV.EST | E10: -0.80573976 | F10: -0.55065691 | G10: -0.39891008 | H10: -0.20793484 | I10: -0.2635102 | J10: -0.27695197 | K10: -0.16365935 | L10: -0.35773891 | M10: -0.35528547 | N10: -0.44633839
A11: Singapore | B11: SGP | C11: Political Stability and Absence of Violence/Terrorism: Estimate | D11: PV.EST | E11: 1.3781784 | F11: 1.1862714 | G11: 1.2988921 | H11: 1.477469 | I11: 1.5991231 | J11: 1.468009 | K11: 1.4803056 | L11: 1.4384142 | M11: 1.442325 | N11: 1.4599425
A12: New Zealand | B12: NZL | C12: Political Stability and Absence of Violence/Terrorism: Estimate | D12: PV.EST | E12: 1.4539266 | F12: 1.4679276 | G12: 1.5111376 | H12: 1.5011433 | I12: 1.5621321 | J12: 1.5121609 | K12: 1.4157494 | L12: 1.4677784 | M12: 1.3952363 | N12: 1.3123823
A13: United Kingdom | B13: GBR | C13: Political Stability and Absence of Violence/Terrorism: Estimate | D13: PV.EST | E13: 0.48620144 | F13: 0.41534764 | G13: 0.5037064 | H13: 0.34793264 | I13: 0.38070819 | J13: 0.077564575 | K13: 0.52747041 | L13: 0.48145702 | M13: 0.48989213 | N13: 0.50393909
A17: Data from database: Worldwide Governance Indicators
A18: Last Updated: 09/29/2023
